id,latitude,longitude
1,-23.649928,113.232588
2,-25.122577,112.921402
3,-26.094646,112.921402
4,-24.142713,113.543773
5,-24.633606,113.232588
6,-25.122577,113.543773
7,-26.094646,113.543773
8,-25.609600,113.232588
9,-26.577690,113.232588
10,-27.058704,113.543773
11,-28.014547,113.543773
12,-28.961981,113.543773
13,-22.160516,113.543773
14,-23.155280,113.543773
15,-21.660461,113.854959
16,-22.658799,113.854959
17,-23.649928,113.854959
18,-24.633606,113.854959
19,-25.609600,113.854959
20,-26.577690,113.854959
21,-27.537665,113.854959
22,-28.489327,113.854959
23,-21.660461,114.477330
24,-22.658799,114.477330
25,-22.160516,114.166144
26,-23.155280,114.166144
27,-23.649928,114.477330
28,-24.142713,114.166144
29,-24.633606,114.477330
30,-25.122577,114.166144
31,-25.609600,114.477330
32,-26.577690,114.477330
33,-26.094646,114.166144
34,-27.058704,114.166144
35,-27.537665,114.477330
36,-28.014547,114.166144
37,-28.489327,114.477330
38,-28.961981,114.166144
39,-29.900824,114.788516
40,-33.567001,114.788516
41,-34.460524,114.788516
42,-21.158667,114.788516
43,-22.160516,114.788516
44,-23.155280,114.788516
45,-24.142713,114.788516
46,-25.122577,114.788516
47,-26.094646,114.788516
48,-27.058704,114.788516
49,-28.014547,114.788516
50,-28.961981,114.788516
51,-20.149992,115.410887
52,-20.655166,115.099701
53,-21.660461,115.099701
54,-22.658799,115.099701
55,-23.649928,115.099701
56,-24.633606,115.099701
57,-25.609600,115.099701
58,-26.577690,115.099701
59,-27.537665,115.099701
60,-28.489327,115.099701
61,-29.432487,115.099701
62,-30.366969,115.099701
63,-31.292605,115.099701
64,-34.014938,115.099701
65,-20.655166,115.722072
66,-21.158667,115.410887
67,-21.660461,115.722072
68,-22.658799,115.722072
69,-22.160516,115.410887
70,-23.155280,115.410887
71,-23.649928,115.722072
72,-24.142713,115.410887
73,-24.633606,115.722072
74,-25.122577,115.410887
75,-25.609600,115.722072
76,-26.577690,115.722072
77,-26.094646,115.410887
78,-27.058704,115.410887
79,-27.537665,115.722072
80,-28.014547,115.410887
81,-28.489327,115.722072
82,-28.961981,115.410887
83,-29.432487,115.722072
84,-30.366969,115.722072
85,-29.900824,115.410887
86,-30.830902,115.410887
87,-31.292605,115.722072
88,-31.752056,115.410887
89,-32.209239,115.722072
90,-32.664136,115.410887
91,-33.116729,115.722072
92,-34.014938,115.722072
93,-33.567001,115.410887
94,-34.460524,115.410887
95,-34.460524,116.033258
96,-34.903744,115.722072
97,-21.158667,116.033258
98,-22.160516,116.033258
99,-23.155280,116.033258
100,-24.142713,116.033258
101,-25.122577,116.033258
102,-26.094646,116.033258
103,-27.058704,116.033258
104,-28.014547,116.033258
105,-28.961981,116.033258
106,-29.900824,116.033258
107,-30.830902,116.033258
108,-31.752056,116.033258
109,-32.664136,116.033258
110,-33.567001,116.033258
111,-20.149992,116.655629
112,-20.655166,116.344443
113,-21.158667,116.655629
114,-21.660461,116.344443
115,-22.160516,116.655629
116,-22.658799,116.344443
117,-23.155280,116.655629
118,-24.142713,116.655629
119,-23.649928,116.344443
120,-24.633606,116.344443
121,-25.122577,116.655629
122,-25.609600,116.344443
123,-26.577690,116.344443
124,-27.537665,116.344443
125,-28.489327,116.344443
126,-29.432487,116.344443
127,-30.366969,116.344443
128,-31.292605,116.344443
129,-32.209239,116.344443
130,-33.116729,116.344443
131,-34.014938,116.344443
132,-34.903744,116.344443
133,-26.577690,116.966814
134,-26.094646,116.655629
135,-27.058704,116.655629
136,-27.537665,116.966814
137,-28.014547,116.655629
138,-28.489327,116.966814
139,-28.961981,116.655629
140,-29.432487,116.966814
141,-30.366969,116.966814
142,-29.900824,116.655629
143,-30.830902,116.655629
144,-31.292605,116.966814
145,-31.752056,116.655629
146,-32.209239,116.966814
147,-32.664136,116.655629
148,-33.116729,116.966814
149,-34.014938,116.966814
150,-33.567001,116.655629
151,-34.460524,116.655629
152,-34.903744,116.966814
153,-35.344585,116.655629
154,-20.655166,116.966814
155,-21.660461,116.966814
156,-22.658799,116.966814
157,-23.649928,116.966814
158,-24.633606,116.966814
159,-25.609600,116.966814
160,-21.158667,117.278000
161,-22.160516,117.278000
162,-23.155280,117.278000
163,-24.142713,117.278000
164,-25.122577,117.278000
165,-26.094646,117.278000
166,-27.058704,117.278000
167,-28.014547,117.278000
168,-28.961981,117.278000
169,-29.900824,117.278000
170,-30.830902,117.278000
171,-31.752056,117.278000
172,-32.664136,117.278000
173,-33.567001,117.278000
174,-34.460524,117.278000
175,-20.149992,117.900371
176,-20.655166,117.589185
177,-21.158667,117.900371
178,-21.660461,117.589185
179,-22.160516,117.900371
180,-22.658799,117.589185
181,-23.155280,117.900371
182,-24.142713,117.900371
183,-23.649928,117.589185
184,-24.633606,117.589185
185,-25.122577,117.900371
186,-25.609600,117.589185
187,-26.094646,117.900371
188,-26.577690,117.589185
189,-27.058704,117.900371
190,-28.014547,117.900371
191,-27.537665,117.589185
192,-28.489327,117.589185
193,-28.961981,117.900371
194,-29.432487,117.589185
195,-29.900824,117.900371
196,-30.366969,117.589185
197,-30.830902,117.900371
198,-31.292605,117.589185
199,-32.209239,117.589185
200,-33.116729,117.589185
201,-34.014938,117.589185
202,-34.903744,117.589185
203,-31.292605,118.211556
204,-31.752056,117.900371
205,-32.209239,118.211556
206,-32.664136,117.900371
207,-33.116729,118.211556
208,-34.014938,118.211556
209,-33.567001,117.900371
210,-34.460524,117.900371
211,-34.903744,118.211556
212,-35.344585,117.900371
213,-20.655166,118.211556
214,-21.660461,118.211556
215,-22.658799,118.211556
216,-23.649928,118.211556
217,-24.633606,118.211556
218,-25.609600,118.211556
219,-26.577690,118.211556
220,-27.537665,118.211556
221,-28.489327,118.211556
222,-29.432487,118.211556
223,-30.366969,118.211556
224,-19.643178,118.833928
225,-20.655166,118.833928
226,-20.149992,118.522742
227,-21.158667,118.522742
228,-21.660461,118.833928
229,-22.160516,118.522742
230,-22.658799,118.833928
231,-23.155280,118.522742
232,-24.142713,118.522742
233,-25.122577,118.522742
234,-26.094646,118.522742
235,-27.058704,118.522742
236,-28.014547,118.522742
237,-28.961981,118.522742
238,-29.900824,118.522742
239,-30.830902,118.522742
240,-31.752056,118.522742
241,-32.664136,118.522742
242,-33.567001,118.522742
243,-34.460524,118.522742
244,-24.142713,119.145113
245,-23.649928,118.833928
246,-24.633606,118.833928
247,-25.122577,119.145113
248,-25.609600,118.833928
249,-26.094646,119.145113
250,-26.577690,118.833928
251,-27.058704,119.145113
252,-28.014547,119.145113
253,-27.537665,118.833928
254,-28.489327,118.833928
255,-28.961981,119.145113
256,-29.432487,118.833928
257,-29.900824,119.145113
258,-30.366969,118.833928
259,-30.830902,119.145113
260,-31.752056,119.145113
261,-31.292605,118.833928
262,-32.209239,118.833928
263,-32.664136,119.145113
264,-33.116729,118.833928
265,-33.567001,119.145113
266,-34.014938,118.833928
267,-34.460524,119.145113
268,-34.903744,118.833928
269,-20.149992,119.145113
270,-21.158667,119.145113
271,-22.160516,119.145113
272,-23.155280,119.145113
273,-19.643178,120.078670
274,-20.149992,119.767484
275,-20.655166,120.078670
276,-20.655166,119.456299
277,-21.158667,119.767484
278,-21.660461,120.078670
279,-22.160516,119.767484
280,-21.660461,119.456299
281,-22.658799,120.078670
282,-22.658799,119.456299
283,-23.155280,119.767484
284,-23.649928,120.078670
285,-23.649928,119.456299
286,-24.142713,119.767484
287,-24.633606,120.078670
288,-24.633606,119.456299
289,-25.122577,119.767484
290,-25.609600,120.078670
291,-26.094646,119.767484
292,-25.609600,119.456299
293,-26.577690,119.456299
294,-26.577690,120.078670
295,-27.058704,119.767484
296,-27.537665,120.078670
297,-27.537665,119.456299
298,-28.014547,119.767484
299,-28.489327,120.078670
300,-28.489327,119.456299
301,-28.961981,119.767484
302,-29.432487,120.078670
303,-29.900824,119.767484
304,-29.432487,119.456299
305,-30.366969,120.078670
306,-30.366969,119.456299
307,-30.830902,119.767484
308,-31.292605,120.078670
309,-31.292605,119.456299
310,-31.752056,119.767484
311,-32.209239,120.078670
312,-32.209239,119.456299
313,-32.664136,119.767484
314,-33.116729,120.078670
315,-33.567001,119.767484
316,-33.116729,119.456299
317,-34.014938,120.078670
318,-34.014938,119.456299
319,-34.460524,119.767484
320,-28.961981,120.389855
321,-29.900824,120.389855
322,-30.830902,120.389855
323,-31.752056,120.389855
324,-32.664136,120.389855
325,-33.567001,120.389855
326,-20.149992,120.389855
327,-21.158667,120.389855
328,-22.160516,120.389855
329,-23.155280,120.389855
330,-24.142713,120.389855
331,-25.122577,120.389855
332,-26.094646,120.389855
333,-27.058704,120.389855
334,-28.014547,120.389855
335,-19.643178,120.701041
336,-20.655166,120.701041
337,-21.660461,120.701041
338,-22.658799,120.701041
339,-23.649928,120.701041
340,-24.633606,120.701041
341,-25.609600,120.701041
342,-26.577690,120.701041
343,-27.537665,120.701041
344,-28.489327,120.701041
345,-29.432487,120.701041
346,-30.366969,120.701041
347,-31.292605,120.701041
348,-32.209239,120.701041
349,-33.116729,120.701041
350,-34.014938,120.701041
351,-20.655166,121.323412
352,-20.149992,121.012226
353,-21.158667,121.012226
354,-21.660461,121.323412
355,-22.160516,121.012226
356,-22.658799,121.323412
357,-23.155280,121.012226
358,-23.649928,121.323412
359,-24.633606,121.323412
360,-24.142713,121.012226
361,-25.122577,121.012226
362,-25.609600,121.323412
363,-26.094646,121.012226
364,-26.577690,121.323412
365,-27.058704,121.012226
366,-27.537665,121.323412
367,-28.489327,121.323412
368,-28.014547,121.012226
369,-28.961981,121.012226
370,-29.432487,121.323412
371,-29.900824,121.012226
372,-30.366969,121.323412
373,-30.830902,121.012226
374,-31.292605,121.323412
375,-32.209239,121.323412
376,-31.752056,121.012226
377,-32.664136,121.012226
378,-33.116729,121.323412
379,-33.567001,121.012226
380,-18.624769,121.323412
381,-19.643178,121.323412
382,-34.014938,121.323412
383,-34.460524,121.634597
384,-19.134759,121.634597
385,-20.149992,121.634597
386,-21.158667,121.634597
387,-22.160516,121.634597
388,-23.155280,121.634597
389,-24.142713,121.634597
390,-25.122577,121.634597
391,-26.094646,121.634597
392,-27.058704,121.634597
393,-28.014547,121.634597
394,-28.961981,121.634597
395,-29.900824,121.634597
396,-30.830902,121.634597
397,-31.752056,121.634597
398,-32.664136,121.634597
399,-33.567001,121.634597
400,-16.569833,121.945783
401,-17.085740,122.256969
402,-18.113246,122.256969
403,-17.600224,121.945783
404,-18.624769,121.945783
405,-19.134759,122.256969
406,-19.643178,121.945783
407,-20.149992,122.256969
408,-20.655166,121.945783
409,-21.158667,122.256969
410,-22.160516,122.256969
411,-21.660461,121.945783
412,-22.658799,121.945783
413,-23.155280,122.256969
414,-23.649928,121.945783
415,-24.142713,122.256969
416,-24.633606,121.945783
417,-25.122577,122.256969
418,-25.609600,121.945783
419,-26.577690,121.945783
420,-27.537665,121.945783
421,-28.489327,121.945783
422,-29.432487,121.945783
423,-30.366969,121.945783
424,-31.292605,121.945783
425,-32.209239,121.945783
426,-33.116729,121.945783
427,-34.014938,121.945783
428,-25.609600,122.568154
429,-26.094646,122.256969
430,-26.577690,122.568154
431,-27.058704,122.256969
432,-27.537665,122.568154
433,-28.489327,122.568154
434,-28.014547,122.256969
435,-28.961981,122.256969
436,-29.432487,122.568154
437,-29.900824,122.256969
438,-30.366969,122.568154
439,-30.830902,122.256969
440,-31.292605,122.568154
441,-32.209239,122.568154
442,-31.752056,122.256969
443,-32.664136,122.256969
444,-33.116729,122.568154
445,-33.567001,122.256969
446,-34.014938,122.568154
447,-34.460524,122.256969
448,-16.569833,122.568154
449,-17.600224,122.568154
450,-18.624769,122.568154
451,-19.643178,122.568154
452,-20.655166,122.568154
453,-21.660461,122.568154
454,-22.658799,122.568154
455,-23.649928,122.568154
456,-24.633606,122.568154
457,-12.395989,123.190525
458,-15.533900,123.190525
459,-16.052540,122.879340
460,-16.569833,123.190525
461,-17.085740,122.879340
462,-18.113246,122.879340
463,-19.134759,122.879340
464,-20.149992,122.879340
465,-21.158667,122.879340
466,-22.160516,122.879340
467,-23.155280,122.879340
468,-24.142713,122.879340
469,-25.122577,122.879340
470,-26.094646,122.879340
471,-27.058704,122.879340
472,-28.014547,122.879340
473,-28.961981,122.879340
474,-29.900824,122.879340
475,-30.830902,122.879340
476,-31.752056,122.879340
477,-32.664136,122.879340
478,-33.567001,122.879340
479,-18.113246,123.501711
480,-17.600224,123.190525
481,-18.624769,123.190525
482,-19.134759,123.501711
483,-19.643178,123.190525
484,-20.149992,123.501711
485,-20.655166,123.190525
486,-21.158667,123.501711
487,-22.160516,123.501711
488,-21.660461,123.190525
489,-22.658799,123.190525
490,-23.155280,123.501711
491,-23.649928,123.190525
492,-24.142713,123.501711
493,-24.633606,123.190525
494,-25.122577,123.501711
495,-26.094646,123.501711
496,-25.609600,123.190525
497,-26.577690,123.190525
498,-27.058704,123.501711
499,-27.537665,123.190525
500,-28.014547,123.501711
501,-28.489327,123.190525
502,-28.961981,123.501711
503,-29.900824,123.501711
504,-29.432487,123.190525
505,-30.366969,123.190525
506,-31.292605,123.190525
507,-32.209239,123.190525
508,-33.116729,123.190525
509,-34.014938,123.190525
510,-16.052540,123.501711
511,-17.085740,123.501711
512,-30.830902,123.501711
513,-31.292605,123.812896
514,-32.209239,123.812896
515,-31.752056,123.501711
516,-32.664136,123.501711
517,-33.116729,123.812896
518,-33.567001,123.501711
519,-34.014938,123.812896
520,-34.460524,123.501711
521,-12.395989,123.812896
522,-16.569833,123.812896
523,-17.600224,123.812896
524,-18.624769,123.812896
525,-19.643178,123.812896
526,-20.655166,123.812896
527,-21.660461,123.812896
528,-22.658799,123.812896
529,-23.649928,123.812896
530,-24.633606,123.812896
531,-25.609600,123.812896
532,-26.577690,123.812896
533,-27.537665,123.812896
534,-28.489327,123.812896
535,-29.432487,123.812896
536,-30.366969,123.812896
537,-15.013951,124.124082
538,-15.533900,124.435267
539,-16.052540,124.124082
540,-16.569833,124.435267
541,-17.085740,124.124082
542,-17.600224,124.435267
543,-18.624769,124.435267
544,-18.113246,124.124082
545,-19.134759,124.124082
546,-19.643178,124.435267
547,-20.149992,124.124082
548,-20.655166,124.435267
549,-21.158667,124.124082
550,-21.660461,124.435267
551,-22.658799,124.435267
552,-22.160516,124.124082
553,-23.155280,124.124082
554,-24.142713,124.124082
555,-25.122577,124.124082
556,-26.094646,124.124082
557,-27.058704,124.124082
558,-28.014547,124.124082
559,-28.961981,124.124082
560,-29.900824,124.124082
561,-30.830902,124.124082
562,-31.752056,124.124082
563,-32.664136,124.124082
564,-33.567001,124.124082
565,-23.155280,124.746453
566,-23.649928,124.435267
567,-24.142713,124.746453
568,-24.633606,124.435267
569,-25.122577,124.746453
570,-26.094646,124.746453
571,-25.609600,124.435267
572,-26.577690,124.435267
573,-27.058704,124.746453
574,-27.537665,124.435267
575,-28.014547,124.746453
576,-28.489327,124.435267
577,-28.961981,124.746453
578,-29.900824,124.746453
579,-29.432487,124.435267
580,-30.366969,124.435267
581,-30.830902,124.746453
582,-31.292605,124.435267
583,-31.752056,124.746453
584,-32.209239,124.435267
585,-32.664136,124.746453
586,-33.116729,124.435267
587,-34.014938,124.435267
588,-15.013951,124.746453
589,-16.052540,124.746453
590,-17.085740,124.746453
591,-18.113246,124.746453
592,-19.134759,124.746453
593,-20.149992,124.746453
594,-21.158667,124.746453
595,-22.160516,124.746453
596,-14.492734,125.057638
597,-15.533900,125.057638
598,-16.569833,125.057638
599,-17.600224,125.057638
600,-18.624769,125.057638
601,-19.643178,125.057638
602,-20.655166,125.057638
603,-21.660461,125.057638
604,-22.658799,125.057638
605,-23.649928,125.057638
606,-24.633606,125.057638
607,-25.609600,125.057638
608,-26.577690,125.057638
609,-27.537665,125.057638
610,-28.489327,125.057638
611,-29.432487,125.057638
612,-30.366969,125.057638
613,-31.292605,125.057638
614,-32.209239,125.057638
615,-14.492734,125.680009
616,-13.970288,125.368824
617,-15.013951,125.368824
618,-15.533900,125.680009
619,-16.052540,125.368824
620,-16.569833,125.680009
621,-17.085740,125.368824
622,-17.600224,125.680009
623,-18.624769,125.680009
624,-18.113246,125.368824
625,-19.134759,125.368824
626,-19.643178,125.680009
627,-20.149992,125.368824
628,-20.655166,125.680009
629,-21.158667,125.368824
630,-21.660461,125.680009
631,-22.658799,125.680009
632,-22.160516,125.368824
633,-23.155280,125.368824
634,-23.649928,125.680009
635,-24.142713,125.368824
636,-24.633606,125.680009
637,-25.122577,125.368824
638,-25.609600,125.680009
639,-26.577690,125.680009
640,-26.094646,125.368824
641,-27.058704,125.368824
642,-27.537665,125.680009
643,-28.014547,125.368824
644,-28.961981,125.368824
645,-29.900824,125.368824
646,-30.830902,125.368824
647,-31.752056,125.368824
648,-32.664136,125.368824
649,-28.489327,125.680009
650,-28.961981,125.991195
651,-29.900824,125.991195
652,-29.432487,125.680009
653,-30.366969,125.680009
654,-30.830902,125.991195
655,-31.292605,125.680009
656,-31.752056,125.991195
657,-32.209239,125.680009
658,-13.970288,125.991195
659,-15.013951,125.991195
660,-16.052540,125.991195
661,-17.085740,125.991195
662,-18.113246,125.991195
663,-19.134759,125.991195
664,-20.149992,125.991195
665,-21.158667,125.991195
666,-22.160516,125.991195
667,-23.155280,125.991195
668,-24.142713,125.991195
669,-25.122577,125.991195
670,-26.094646,125.991195
671,-27.058704,125.991195
672,-28.014547,125.991195
673,-13.446655,126.302381
674,-13.970288,126.613566
675,-14.492734,126.302381
676,-15.013951,126.613566
677,-16.052540,126.613566
678,-15.533900,126.302381
679,-16.569833,126.302381
680,-17.085740,126.613566
681,-17.600224,126.302381
682,-18.113246,126.613566
683,-18.624769,126.302381
684,-19.134759,126.613566
685,-19.643178,126.302381
686,-20.655166,126.302381
687,-21.660461,126.302381
688,-22.658799,126.302381
689,-23.649928,126.302381
690,-24.633606,126.302381
691,-25.609600,126.302381
692,-26.577690,126.302381
693,-27.537665,126.302381
694,-28.489327,126.302381
695,-29.432487,126.302381
696,-30.366969,126.302381
697,-31.292605,126.302381
698,-32.209239,126.302381
699,-19.643178,126.924752
700,-20.149992,126.613566
701,-20.655166,126.924752
702,-21.158667,126.613566
703,-21.660461,126.924752
704,-22.658799,126.924752
705,-22.160516,126.613566
706,-23.155280,126.613566
707,-23.649928,126.924752
708,-24.142713,126.613566
709,-24.633606,126.924752
710,-25.122577,126.613566
711,-25.609600,126.924752
712,-26.577690,126.924752
713,-26.094646,126.613566
714,-27.058704,126.613566
715,-27.537665,126.924752
716,-28.014547,126.613566
717,-28.489327,126.924752
718,-28.961981,126.613566
719,-29.432487,126.924752
720,-30.366969,126.924752
721,-29.900824,126.613566
722,-30.830902,126.613566
723,-31.292605,126.924752
724,-31.752056,126.613566
725,-32.209239,126.924752
726,-13.446655,126.924752
727,-14.492734,126.924752
728,-15.533900,126.924752
729,-16.569833,126.924752
730,-17.600224,126.924752
731,-18.624769,126.924752
732,-13.970288,127.235937
733,-15.013951,127.235937
734,-16.052540,127.235937
735,-17.085740,127.235937
736,-18.113246,127.235937
737,-19.134759,127.235937
738,-20.149992,127.235937
739,-21.158667,127.235937
740,-22.160516,127.235937
741,-23.155280,127.235937
742,-24.142713,127.235937
743,-25.122577,127.235937
744,-26.094646,127.235937
745,-27.058704,127.235937
746,-28.014547,127.235937
747,-28.961981,127.235937
748,-29.900824,127.235937
749,-30.830902,127.235937
750,-31.752056,127.235937
751,-13.970288,127.858308
752,-14.492734,127.547123
753,-15.013951,127.858308
754,-16.052540,127.858308
755,-15.533900,127.547123
756,-16.569833,127.547123
757,-17.085740,127.858308
758,-17.600224,127.547123
759,-18.113246,127.858308
760,-18.624769,127.547123
761,-19.134759,127.858308
762,-20.149992,127.858308
763,-19.643178,127.547123
764,-20.655166,127.547123
765,-21.158667,127.858308
766,-21.660461,127.547123
767,-22.160516,127.858308
768,-22.658799,127.547123
769,-23.155280,127.858308
770,-24.142713,127.858308
771,-23.649928,127.547123
772,-24.633606,127.547123
773,-25.609600,127.547123
774,-26.577690,127.547123
775,-27.537665,127.547123
776,-28.489327,127.547123
777,-29.432487,127.547123
778,-30.366969,127.547123
779,-31.292605,127.547123
780,-32.209239,127.547123
781,-25.122577,127.858308
782,-25.609600,128.169494
783,-26.577690,128.169494
784,-26.094646,127.858308
785,-27.058704,127.858308
786,-27.537665,128.169494
787,-28.014547,127.858308
788,-28.489327,128.169494
789,-28.961981,127.858308
790,-29.432487,128.169494
791,-30.366969,128.169494
792,-29.900824,127.858308
793,-30.830902,127.858308
794,-31.292605,128.169494
795,-31.752056,127.858308
796,-32.209239,128.169494
797,-14.492734,128.169494
798,-15.533900,128.169494
799,-16.569833,128.169494
800,-17.600224,128.169494
801,-18.624769,128.169494
802,-19.643178,128.169494
803,-20.655166,128.169494
804,-21.660461,128.169494
805,-22.658799,128.169494
806,-23.649928,128.169494
807,-24.633606,128.169494
808,-14.492734,128.791865
809,-15.013951,128.480679
810,-15.533900,128.791865
811,-16.569833,128.791865
812,-16.052540,128.480679
813,-17.085740,128.480679
814,-18.113246,128.480679
815,-19.134759,128.480679
816,-20.149992,128.480679
817,-21.158667,128.480679
818,-22.160516,128.480679
819,-23.155280,128.480679
820,-24.142713,128.480679
821,-25.122577,128.480679
822,-26.094646,128.480679
823,-27.058704,128.480679
824,-28.014547,128.480679
825,-28.961981,128.480679
826,-29.900824,128.480679
827,-30.830902,128.480679
828,-31.752056,128.480679
829,-17.085740,129.103050
830,-17.600224,128.791865
831,-18.113246,129.103050
832,-18.624769,128.791865
833,-19.134759,129.103050
834,-20.149992,129.103050
835,-19.643178,128.791865
836,-20.655166,128.791865
837,-21.158667,129.103050
838,-21.660461,128.791865
839,-22.160516,129.103050
840,-22.658799,128.791865
841,-23.155280,129.103050
842,-24.142713,129.103050
843,-23.649928,128.791865
844,-24.633606,128.791865
845,-25.122577,129.103050
846,-25.609600,128.791865
847,-26.094646,129.103050
848,-26.577690,128.791865
849,-27.058704,129.103050
850,-28.014547,129.103050
851,-27.537665,128.791865
852,-28.489327,128.791865
853,-28.961981,129.103050
854,-29.432487,128.791865
855,-29.900824,129.103050
856,-30.366969,128.791865
857,-31.292605,128.791865
858,-15.013951,129.103050
859,-16.052540,129.103050
860,-30.830902,129.103050
861,-31.292605,129.414236
862,-31.752056,129.103050
863,-14.492734,129.414236
864,-15.533900,129.414236
865,-16.569833,129.414236
866,-17.600224,129.414236
867,-18.624769,129.414236
868,-19.643178,129.414236
869,-20.655166,129.414236
870,-21.660461,129.414236
871,-22.658799,129.414236
872,-23.649928,129.414236
873,-24.633606,129.414236
874,-25.609600,129.414236
875,-26.577690,129.414236
876,-27.537665,129.414236
877,-28.489327,129.414236
878,-29.432487,129.414236
879,-30.366969,129.414236
880,-11.341072,130.036607
881,-11.869041,129.725421
882,-12.921874,129.725421
883,-13.446655,130.036607
884,-13.970288,129.725421
885,-14.492734,130.036607
886,-15.013951,129.725421
887,-15.533900,130.036607
888,-16.569833,130.036607
889,-16.052540,129.725421
890,-17.085740,129.725421
891,-17.600224,130.036607
892,-18.113246,129.725421
893,-18.624769,130.036607
894,-19.134759,129.725421
895,-19.643178,130.036607
896,-20.655166,130.036607
897,-20.149992,129.725421
898,-21.158667,129.725421
899,-21.660461,130.036607
900,-22.160516,129.725421
901,-23.155280,129.725421
902,-24.142713,129.725421
903,-25.122577,129.725421
904,-26.094646,129.725421
905,-27.058704,129.725421
906,-28.014547,129.725421
907,-28.961981,129.725421
908,-29.900824,129.725421
909,-30.830902,129.725421
910,-31.752056,129.725421
911,-22.658799,130.036607
912,-23.155280,130.347793
913,-24.142713,130.347793
914,-23.649928,130.036607
915,-24.633606,130.036607
916,-25.122577,130.347793
917,-25.609600,130.036607
918,-26.094646,130.347793
919,-26.577690,130.036607
920,-27.058704,130.347793
921,-28.014547,130.347793
922,-27.537665,130.036607
923,-28.489327,130.036607
924,-28.961981,130.347793
925,-29.432487,130.036607
926,-29.900824,130.347793
927,-30.366969,130.036607
928,-30.830902,130.347793
929,-31.752056,130.347793
930,-31.292605,130.036607
931,-11.869041,130.347793
932,-12.921874,130.347793
933,-13.970288,130.347793
934,-15.013951,130.347793
935,-16.052540,130.347793
936,-17.085740,130.347793
937,-18.113246,130.347793
938,-19.134759,130.347793
939,-20.149992,130.347793
940,-21.158667,130.347793
941,-22.160516,130.347793
942,-11.341072,130.658978
943,-11.869041,130.970164
944,-12.395989,130.658978
945,-12.921874,130.970164
946,-13.446655,130.658978
947,-14.492734,130.658978
948,-15.533900,130.658978
949,-16.569833,130.658978
950,-17.600224,130.658978
951,-18.624769,130.658978
952,-19.643178,130.658978
953,-20.655166,130.658978
954,-21.660461,130.658978
955,-22.658799,130.658978
956,-23.649928,130.658978
957,-24.633606,130.658978
958,-25.609600,130.658978
959,-26.577690,130.658978
960,-27.537665,130.658978
961,-28.489327,130.658978
962,-29.432487,130.658978
963,-30.366969,130.658978
964,-31.292605,130.658978
965,-13.446655,131.281349
966,-13.970288,130.970164
967,-14.492734,131.281349
968,-15.013951,130.970164
969,-15.533900,131.281349
970,-16.569833,131.281349
971,-16.052540,130.970164
972,-17.085740,130.970164
973,-17.600224,131.281349
974,-18.113246,130.970164
975,-18.624769,131.281349
976,-19.134759,130.970164
977,-19.643178,131.281349
978,-20.655166,131.281349
979,-20.149992,130.970164
980,-21.158667,130.970164
981,-21.660461,131.281349
982,-22.160516,130.970164
983,-22.658799,131.281349
984,-23.155280,130.970164
985,-23.649928,131.281349
986,-24.633606,131.281349
987,-24.142713,130.970164
988,-25.122577,130.970164
989,-25.609600,131.281349
990,-26.094646,130.970164
991,-26.577690,131.281349
992,-27.058704,130.970164
993,-27.537665,131.281349
994,-28.014547,130.970164
995,-28.961981,130.970164
996,-29.900824,130.970164
997,-30.830902,130.970164
998,-31.752056,130.970164
999,-11.341072,131.281349
1000,-12.395989,131.281349
1001,-28.489327,131.281349
1002,-28.961981,131.592535
1003,-29.432487,131.281349
1004,-29.900824,131.592535
1005,-30.366969,131.281349
1006,-30.830902,131.592535
1007,-31.752056,131.592535
1008,-31.292605,131.281349
1009,-11.869041,131.592535
1010,-12.921874,131.592535
1011,-13.970288,131.592535
1012,-15.013951,131.592535
1013,-16.052540,131.592535
1014,-17.085740,131.592535
1015,-18.113246,131.592535
1016,-19.134759,131.592535
1017,-20.149992,131.592535
1018,-21.158667,131.592535
1019,-22.160516,131.592535
1020,-23.155280,131.592535
1021,-24.142713,131.592535
1022,-25.122577,131.592535
1023,-26.094646,131.592535
1024,-27.058704,131.592535
1025,-28.014547,131.592535
1026,-10.812125,132.214906
1027,-11.341072,131.903720
1028,-11.869041,132.214906
1029,-12.395989,131.903720
1030,-12.921874,132.214906
1031,-13.970288,132.214906
1032,-13.446655,131.903720
1033,-14.492734,131.903720
1034,-15.013951,132.214906
1035,-15.533900,131.903720
1036,-16.052540,132.214906
1037,-16.569833,131.903720
1038,-17.085740,132.214906
1039,-18.113246,132.214906
1040,-17.600224,131.903720
1041,-18.624769,131.903720
1042,-19.643178,131.903720
1043,-20.655166,131.903720
1044,-21.660461,131.903720
1045,-22.658799,131.903720
1046,-23.649928,131.903720
1047,-24.633606,131.903720
1048,-25.609600,131.903720
1049,-26.577690,131.903720
1050,-27.537665,131.903720
1051,-28.489327,131.903720
1052,-29.432487,131.903720
1053,-30.366969,131.903720
1054,-31.292605,131.903720
1055,-32.209239,131.903720
1056,-19.134759,132.214906
1057,-19.643178,132.526091
1058,-20.655166,132.526091
1059,-20.149992,132.214906
1060,-21.158667,132.214906
1061,-21.660461,132.526091
1062,-22.160516,132.214906
1063,-22.658799,132.526091
1064,-23.155280,132.214906
1065,-23.649928,132.526091
1066,-24.633606,132.526091
1067,-24.142713,132.214906
1068,-25.122577,132.214906
1069,-25.609600,132.526091
1070,-26.094646,132.214906
1071,-26.577690,132.526091
1072,-27.058704,132.214906
1073,-27.537665,132.526091
1074,-28.489327,132.526091
1075,-28.014547,132.214906
1076,-28.961981,132.214906
1077,-29.432487,132.526091
1078,-29.900824,132.214906
1079,-30.366969,132.526091
1080,-30.830902,132.214906
1081,-31.292605,132.526091
1082,-32.209239,132.526091
1083,-31.752056,132.214906
1084,-11.341072,132.526091
1085,-12.395989,132.526091
1086,-13.446655,132.526091
1087,-14.492734,132.526091
1088,-15.533900,132.526091
1089,-16.569833,132.526091
1090,-17.600224,132.526091
1091,-18.624769,132.526091
1092,-10.812125,132.837277
1093,-11.869041,132.837277
1094,-12.921874,132.837277
1095,-13.970288,132.837277
1096,-15.013951,132.837277
1097,-16.052540,132.837277
1098,-17.085740,132.837277
1099,-18.113246,132.837277
1100,-19.134759,132.837277
1101,-20.149992,132.837277
1102,-21.158667,132.837277
1103,-22.160516,132.837277
1104,-23.155280,132.837277
1105,-24.142713,132.837277
1106,-25.122577,132.837277
1107,-26.094646,132.837277
1108,-27.058704,132.837277
1109,-28.014547,132.837277
1110,-28.961981,132.837277
1111,-29.900824,132.837277
1112,-30.830902,132.837277
1113,-31.752056,132.837277
1114,-32.664136,132.837277
1115,-11.341072,133.770834
1116,-11.341072,133.148462
1117,-11.869041,133.459648
1118,-12.395989,133.770834
1119,-12.395989,133.148462
1120,-12.921874,133.459648
1121,-13.446655,133.770834
1122,-13.970288,133.459648
1123,-13.446655,133.148462
1124,-14.492734,133.770834
1125,-14.492734,133.148462
1126,-15.013951,133.459648
1127,-15.533900,133.770834
1128,-15.533900,133.148462
1129,-16.052540,133.459648
1130,-16.569833,133.770834
1131,-16.569833,133.148462
1132,-17.085740,133.459648
1133,-17.600224,133.770834
1134,-18.113246,133.459648
1135,-17.600224,133.148462
1136,-18.624769,133.770834
1137,-18.624769,133.148462
1138,-19.134759,133.459648
1139,-19.643178,133.770834
1140,-19.643178,133.148462
1141,-20.149992,133.459648
1142,-20.655166,133.770834
1143,-20.655166,133.148462
1144,-21.158667,133.459648
1145,-21.660461,133.770834
1146,-22.160516,133.459648
1147,-21.660461,133.148462
1148,-22.658799,133.770834
1149,-22.658799,133.148462
1150,-23.155280,133.459648
1151,-23.649928,133.770834
1152,-23.649928,133.148462
1153,-24.142713,133.459648
1154,-24.633606,133.770834
1155,-24.633606,133.148462
1156,-25.122577,133.459648
1157,-25.609600,133.770834
1158,-26.094646,133.459648
1159,-25.609600,133.148462
1160,-26.577690,133.770834
1161,-26.577690,133.148462
1162,-27.058704,133.459648
1163,-27.537665,133.770834
1164,-27.537665,133.148462
1165,-28.014547,133.459648
1166,-28.489327,133.770834
1167,-28.489327,133.148462
1168,-28.961981,133.459648
1169,-29.432487,133.770834
1170,-29.900824,133.459648
1171,-29.432487,133.148462
1172,-30.366969,133.770834
1173,-30.366969,133.148462
1174,-30.830902,133.459648
1175,-31.292605,133.770834
1176,-31.292605,133.148462
1177,-31.752056,133.459648
1178,-32.209239,133.770834
1179,-32.209239,133.148462
1180,-32.664136,133.459648
1181,-11.869041,134.082019
1182,-12.921874,134.082019
1183,-13.970288,134.082019
1184,-15.013951,134.082019
1185,-16.052540,134.082019
1186,-17.085740,134.082019
1187,-18.113246,134.082019
1188,-19.134759,134.082019
1189,-20.149992,134.082019
1190,-21.158667,134.082019
1191,-22.160516,134.082019
1192,-23.155280,134.082019
1193,-24.142713,134.082019
1194,-12.395989,134.393205
1195,-13.446655,134.393205
1196,-14.492734,134.393205
1197,-15.533900,134.393205
1198,-25.122577,134.082019
1199,-26.094646,134.082019
1200,-27.058704,134.082019
1201,-28.014547,134.082019
1202,-28.961981,134.082019
1203,-29.900824,134.082019
1204,-30.830902,134.082019
1205,-31.752056,134.082019
1206,-32.664136,134.082019
1207,-33.567001,134.082019
1208,-16.569833,134.393205
1209,-17.085740,134.704390
1210,-18.113246,134.704390
1211,-17.600224,134.393205
1212,-18.624769,134.393205
1213,-19.134759,134.704390
1214,-19.643178,134.393205
1215,-20.149992,134.704390
1216,-20.655166,134.393205
1217,-21.158667,134.704390
1218,-22.160516,134.704390
1219,-21.660461,134.393205
1220,-22.658799,134.393205
1221,-23.155280,134.704390
1222,-23.649928,134.393205
1223,-24.142713,134.704390
1224,-24.633606,134.393205
1225,-25.122577,134.704390
1226,-26.094646,134.704390
1227,-25.609600,134.393205
1228,-26.577690,134.393205
1229,-27.058704,134.704390
1230,-27.537665,134.393205
1231,-28.014547,134.704390
1232,-28.489327,134.393205
1233,-28.961981,134.704390
1234,-29.900824,134.704390
1235,-29.432487,134.393205
1236,-30.366969,134.393205
1237,-31.292605,134.393205
1238,-32.209239,134.393205
1239,-33.116729,134.393205
1240,-34.014938,134.393205
1241,-11.869041,134.704390
1242,-12.921874,134.704390
1243,-13.970288,134.704390
1244,-15.013951,134.704390
1245,-16.052540,134.704390
1246,-30.366969,135.015576
1247,-30.830902,134.704390
1248,-31.292605,135.015576
1249,-32.209239,135.015576
1250,-31.752056,134.704390
1251,-32.664136,134.704390
1252,-33.116729,135.015576
1253,-33.567001,134.704390
1254,-34.014938,135.015576
1255,-34.903744,135.015576
1256,-12.395989,135.015576
1257,-13.446655,135.015576
1258,-14.492734,135.015576
1259,-15.533900,135.015576
1260,-16.569833,135.015576
1261,-17.600224,135.015576
1262,-18.624769,135.015576
1263,-19.643178,135.015576
1264,-20.655166,135.015576
1265,-21.660461,135.015576
1266,-22.658799,135.015576
1267,-23.649928,135.015576
1268,-24.633606,135.015576
1269,-25.609600,135.015576
1270,-26.577690,135.015576
1271,-27.537665,135.015576
1272,-28.489327,135.015576
1273,-29.432487,135.015576
1274,-11.869041,135.326761
1275,-12.395989,135.637947
1276,-12.921874,135.326761
1277,-13.446655,135.637947
1278,-14.492734,135.637947
1279,-13.970288,135.326761
1280,-15.013951,135.326761
1281,-15.533900,135.637947
1282,-16.052540,135.326761
1283,-16.569833,135.637947
1284,-17.085740,135.326761
1285,-17.600224,135.637947
1286,-18.624769,135.637947
1287,-18.113246,135.326761
1288,-19.134759,135.326761
1289,-19.643178,135.637947
1290,-20.149992,135.326761
1291,-20.655166,135.637947
1292,-21.158667,135.326761
1293,-21.660461,135.637947
1294,-22.160516,135.326761
1295,-23.155280,135.326761
1296,-24.142713,135.326761
1297,-25.122577,135.326761
1298,-26.094646,135.326761
1299,-27.058704,135.326761
1300,-28.014547,135.326761
1301,-28.961981,135.326761
1302,-29.900824,135.326761
1303,-30.830902,135.326761
1304,-31.752056,135.326761
1305,-32.664136,135.326761
1306,-33.567001,135.326761
1307,-34.460524,135.326761
1308,-22.658799,135.637947
1309,-23.155280,135.949132
1310,-23.649928,135.637947
1311,-24.142713,135.949132
1312,-24.633606,135.637947
1313,-25.122577,135.949132
1314,-26.094646,135.949132
1315,-25.609600,135.637947
1316,-26.577690,135.637947
1317,-27.058704,135.949132
1318,-27.537665,135.637947
1319,-28.014547,135.949132
1320,-28.489327,135.637947
1321,-28.961981,135.949132
1322,-29.900824,135.949132
1323,-29.432487,135.637947
1324,-30.366969,135.637947
1325,-30.830902,135.949132
1326,-31.292605,135.637947
1327,-31.752056,135.949132
1328,-32.209239,135.637947
1329,-32.664136,135.949132
1330,-33.567001,135.949132
1331,-33.116729,135.637947
1332,-34.014938,135.637947
1333,-34.460524,135.949132
1334,-34.903744,135.637947
1335,-11.869041,135.949132
1336,-12.921874,135.949132
1337,-13.970288,135.949132
1338,-15.013951,135.949132
1339,-16.052540,135.949132
1340,-17.085740,135.949132
1341,-18.113246,135.949132
1342,-19.134759,135.949132
1343,-20.149992,135.949132
1344,-21.158667,135.949132
1345,-22.160516,135.949132
1346,-35.783033,136.260318
1347,-35.344585,135.949132
1348,-10.812125,136.571503
1349,-11.869041,136.571503
1350,-11.341072,136.260318
1351,-12.395989,136.260318
1352,-13.446655,136.260318
1353,-14.492734,136.260318
1354,-15.533900,136.260318
1355,-16.569833,136.260318
1356,-17.600224,136.260318
1357,-18.624769,136.260318
1358,-19.643178,136.260318
1359,-20.655166,136.260318
1360,-21.660461,136.260318
1361,-22.658799,136.260318
1362,-23.649928,136.260318
1363,-24.633606,136.260318
1364,-25.609600,136.260318
1365,-26.577690,136.260318
1366,-27.537665,136.260318
1367,-28.489327,136.260318
1368,-29.432487,136.260318
1369,-30.366969,136.260318
1370,-31.292605,136.260318
1371,-32.209239,136.260318
1372,-33.116729,136.260318
1373,-34.014938,136.260318
1374,-34.903744,136.260318
1375,-12.921874,136.571503
1376,-13.446655,136.882689
1377,-14.492734,136.882689
1378,-13.970288,136.571503
1379,-15.533900,136.882689
1380,-16.052540,136.571503
1381,-16.569833,136.882689
1382,-17.085740,136.571503
1383,-17.600224,136.882689
1384,-18.624769,136.882689
1385,-18.113246,136.571503
1386,-19.134759,136.571503
1387,-19.643178,136.882689
1388,-20.149992,136.571503
1389,-20.655166,136.882689
1390,-21.158667,136.571503
1391,-21.660461,136.882689
1392,-22.658799,136.882689
1393,-22.160516,136.571503
1394,-23.155280,136.571503
1395,-23.649928,136.882689
1396,-24.142713,136.571503
1397,-24.633606,136.882689
1398,-25.122577,136.571503
1399,-25.609600,136.882689
1400,-26.577690,136.882689
1401,-26.094646,136.571503
1402,-27.058704,136.571503
1403,-27.537665,136.882689
1404,-28.014547,136.571503
1405,-28.961981,136.571503
1406,-29.900824,136.571503
1407,-30.830902,136.571503
1408,-31.752056,136.571503
1409,-32.664136,136.571503
1410,-33.567001,136.571503
1411,-34.460524,136.571503
1412,-35.344585,136.571503
1413,-36.219077,136.571503
1414,-11.341072,136.882689
1415,-12.395989,136.882689
1416,-28.014547,137.193874
1417,-28.489327,136.882689
1418,-28.961981,137.193874
1419,-29.900824,137.193874
1420,-29.432487,136.882689
1421,-30.366969,136.882689
1422,-30.830902,137.193874
1423,-31.292605,136.882689
1424,-31.752056,137.193874
1425,-32.209239,136.882689
1426,-32.664136,137.193874
1427,-33.567001,137.193874
1428,-33.116729,136.882689
1429,-34.014938,136.882689
1430,-34.460524,137.193874
1431,-34.903744,136.882689
1432,-35.344585,137.193874
1433,-35.783033,136.882689
1434,-36.219077,137.193874
1435,-13.970288,137.193874
1436,-16.052540,137.193874
1437,-17.085740,137.193874
1438,-18.113246,137.193874
1439,-19.134759,137.193874
1440,-20.149992,137.193874
1441,-21.158667,137.193874
1442,-22.160516,137.193874
1443,-23.155280,137.193874
1444,-24.142713,137.193874
1445,-25.122577,137.193874
1446,-26.094646,137.193874
1447,-27.058704,137.193874
1448,-16.052540,137.816246
1449,-16.569833,137.505060
1450,-17.085740,137.816246
1451,-17.600224,137.505060
1452,-18.113246,137.816246
1453,-18.624769,137.505060
1454,-19.643178,137.505060
1455,-20.655166,137.505060
1456,-21.660461,137.505060
1457,-22.658799,137.505060
1458,-23.649928,137.505060
1459,-24.633606,137.505060
1460,-25.609600,137.505060
1461,-26.577690,137.505060
1462,-27.537665,137.505060
1463,-28.489327,137.505060
1464,-29.432487,137.505060
1465,-30.366969,137.505060
1466,-31.292605,137.505060
1467,-32.209239,137.505060
1468,-33.116729,137.505060
1469,-34.014938,137.505060
1470,-34.903744,137.505060
1471,-35.783033,137.505060
1472,-19.134759,137.816246
1473,-19.643178,138.127431
1474,-20.149992,137.816246
1475,-20.655166,138.127431
1476,-21.158667,137.816246
1477,-21.660461,138.127431
1478,-22.658799,138.127431
1479,-22.160516,137.816246
1480,-23.155280,137.816246
1481,-23.649928,138.127431
1482,-24.142713,137.816246
1483,-24.633606,138.127431
1484,-25.122577,137.816246
1485,-25.609600,138.127431
1486,-26.577690,138.127431
1487,-26.094646,137.816246
1488,-27.058704,137.816246
1489,-27.537665,138.127431
1490,-28.014547,137.816246
1491,-28.489327,138.127431
1492,-28.961981,137.816246
1493,-29.432487,138.127431
1494,-30.366969,138.127431
1495,-29.900824,137.816246
1496,-30.830902,137.816246
1497,-31.292605,138.127431
1498,-31.752056,137.816246
1499,-32.209239,138.127431
1500,-32.664136,137.816246
1501,-33.567001,137.816246
1502,-34.460524,137.816246
1503,-35.344585,137.816246
1504,-36.219077,137.816246
1505,-16.569833,138.127431
1506,-17.600224,138.127431
1507,-18.624769,138.127431
1508,-33.567001,138.438617
1509,-33.116729,138.127431
1510,-34.014938,138.127431
1511,-34.460524,138.438617
1512,-34.903744,138.127431
1513,-35.344585,138.438617
1514,-35.783033,138.127431
1515,-17.085740,138.438617
1516,-18.113246,138.438617
1517,-19.134759,138.438617
1518,-20.149992,138.438617
1519,-21.158667,138.438617
1520,-22.160516,138.438617
1521,-23.155280,138.438617
1522,-24.142713,138.438617
1523,-25.122577,138.438617
1524,-26.094646,138.438617
1525,-27.058704,138.438617
1526,-28.014547,138.438617
1527,-28.961981,138.438617
1528,-29.900824,138.438617
1529,-30.830902,138.438617
1530,-31.752056,138.438617
1531,-32.664136,138.438617
1532,-16.052540,139.060988
1533,-16.569833,138.749802
1534,-17.085740,139.060988
1535,-17.600224,138.749802
1536,-18.113246,139.060988
1537,-18.624769,138.749802
1538,-19.134759,139.060988
1539,-20.149992,139.060988
1540,-19.643178,138.749802
1541,-20.655166,138.749802
1542,-21.158667,139.060988
1543,-21.660461,138.749802
1544,-22.160516,139.060988
1545,-22.658799,138.749802
1546,-23.155280,139.060988
1547,-24.142713,139.060988
1548,-23.649928,138.749802
1549,-24.633606,138.749802
1550,-25.609600,138.749802
1551,-26.577690,138.749802
1552,-27.537665,138.749802
1553,-28.489327,138.749802
1554,-29.432487,138.749802
1555,-30.366969,138.749802
1556,-31.292605,138.749802
1557,-32.209239,138.749802
1558,-33.116729,138.749802
1559,-34.014938,138.749802
1560,-34.903744,138.749802
1561,-35.783033,138.749802
1562,-24.633606,139.372173
1563,-25.122577,139.060988
1564,-25.609600,139.372173
1565,-26.577690,139.372173
1566,-26.094646,139.060988
1567,-27.058704,139.060988
1568,-27.537665,139.372173
1569,-28.014547,139.060988
1570,-28.489327,139.372173
1571,-28.961981,139.060988
1572,-29.432487,139.372173
1573,-30.366969,139.372173
1574,-29.900824,139.060988
1575,-30.830902,139.060988
1576,-31.292605,139.372173
1577,-31.752056,139.060988
1578,-32.209239,139.372173
1579,-32.664136,139.060988
1580,-33.116729,139.372173
1581,-34.014938,139.372173
1582,-33.567001,139.060988
1583,-34.460524,139.060988
1584,-34.903744,139.372173
1585,-35.344585,139.060988
1586,-35.783033,139.372173
1587,-16.569833,139.372173
1588,-17.600224,139.372173
1589,-18.624769,139.372173
1590,-19.643178,139.372173
1591,-20.655166,139.372173
1592,-21.660461,139.372173
1593,-22.658799,139.372173
1594,-23.649928,139.372173
1595,-17.085740,139.683359
1596,-18.113246,139.683359
1597,-19.134759,139.683359
1598,-20.149992,139.683359
1599,-21.158667,139.683359
1600,-22.160516,139.683359
1601,-23.155280,139.683359
1602,-24.142713,139.683359
1603,-25.122577,139.683359
1604,-26.094646,139.683359
1605,-27.058704,139.683359
1606,-28.014547,139.683359
1607,-28.961981,139.683359
1608,-29.900824,139.683359
1609,-30.830902,139.683359
1610,-31.752056,139.683359
1611,-32.664136,139.683359
1612,-33.567001,139.683359
1613,-34.460524,139.683359
1614,-35.344585,139.683359
1615,-36.219077,139.683359
1616,-37.083901,139.683359
1617,-16.569833,139.994544
1618,-17.600224,139.994544
1619,-18.113246,140.305730
1620,-18.624769,139.994544
1621,-19.134759,140.305730
1622,-20.149992,140.305730
1623,-19.643178,139.994544
1624,-20.655166,139.994544
1625,-21.158667,140.305730
1626,-21.660461,139.994544
1627,-22.160516,140.305730
1628,-22.658799,139.994544
1629,-23.155280,140.305730
1630,-24.142713,140.305730
1631,-23.649928,139.994544
1632,-24.633606,139.994544
1633,-25.122577,140.305730
1634,-25.609600,139.994544
1635,-26.094646,140.305730
1636,-26.577690,139.994544
1637,-27.058704,140.305730
1638,-28.014547,140.305730
1639,-27.537665,139.994544
1640,-28.489327,139.994544
1641,-28.961981,140.305730
1642,-29.432487,139.994544
1643,-30.366969,139.994544
1644,-31.292605,139.994544
1645,-32.209239,139.994544
1646,-33.116729,139.994544
1647,-34.014938,139.994544
1648,-34.903744,139.994544
1649,-35.783033,139.994544
1650,-36.652703,139.994544
1651,-37.512660,139.994544
1652,-30.366969,140.616915
1653,-29.900824,140.305730
1654,-30.830902,140.305730
1655,-31.292605,140.616915
1656,-31.752056,140.305730
1657,-32.209239,140.616915
1658,-32.664136,140.305730
1659,-33.116729,140.616915
1660,-34.014938,140.616915
1661,-33.567001,140.305730
1662,-34.460524,140.305730
1663,-34.903744,140.616915
1664,-35.344585,140.305730
1665,-35.783033,140.616915
1666,-36.219077,140.305730
1667,-36.652703,140.616915
1668,-37.512660,140.616915
1669,-37.083901,140.305730
1670,-37.938971,140.305730
1671,-17.600224,140.616915
1672,-18.624769,140.616915
1673,-19.643178,140.616915
1674,-20.655166,140.616915
1675,-21.660461,140.616915
1676,-22.658799,140.616915
1677,-23.649928,140.616915
1678,-24.633606,140.616915
1679,-25.609600,140.616915
1680,-26.577690,140.616915
1681,-27.537665,140.616915
1682,-28.489327,140.616915
1683,-29.432487,140.616915
1684,-13.446655,141.239287
1685,-14.492734,141.239287
1686,-15.533900,141.239287
1687,-16.569833,141.239287
1688,-17.085740,140.928101
1689,-17.600224,141.239287
1690,-18.113246,140.928101
1691,-18.624769,141.239287
1692,-19.134759,140.928101
1693,-19.643178,141.239287
1694,-20.655166,141.239287
1695,-20.149992,140.928101
1696,-21.158667,140.928101
1697,-21.660461,141.239287
1698,-22.160516,140.928101
1699,-23.155280,140.928101
1700,-24.142713,140.928101
1701,-25.122577,140.928101
1702,-26.094646,140.928101
1703,-27.058704,140.928101
1704,-28.014547,140.928101
1705,-28.961981,140.928101
1706,-29.900824,140.928101
1707,-30.830902,140.928101
1708,-31.752056,140.928101
1709,-32.664136,140.928101
1710,-33.567001,140.928101
1711,-34.460524,140.928101
1712,-35.344585,140.928101
1713,-36.219077,140.928101
1714,-37.083901,140.928101
1715,-37.938971,140.928101
1716,-22.160516,141.550472
1717,-22.658799,141.239287
1718,-23.155280,141.550472
1719,-24.142713,141.550472
1720,-23.649928,141.239287
1721,-24.633606,141.239287
1722,-25.122577,141.550472
1723,-25.609600,141.239287
1724,-26.094646,141.550472
1725,-26.577690,141.239287
1726,-27.058704,141.550472
1727,-28.014547,141.550472
1728,-27.537665,141.239287
1729,-28.489327,141.239287
1730,-28.961981,141.550472
1731,-29.432487,141.239287
1732,-29.900824,141.550472
1733,-30.366969,141.239287
1734,-30.830902,141.550472
1735,-31.752056,141.550472
1736,-31.292605,141.239287
1737,-32.209239,141.239287
1738,-32.664136,141.550472
1739,-33.116729,141.239287
1740,-33.567001,141.550472
1741,-34.014938,141.239287
1742,-34.460524,141.550472
1743,-34.903744,141.239287
1744,-35.783033,141.239287
1745,-36.652703,141.239287
1746,-37.512660,141.239287
1747,-38.362822,141.239287
1748,-9.751474,141.550472
1749,-9.219856,141.861658
1750,-11.869041,141.550472
1751,-12.921874,141.550472
1752,-13.970288,141.550472
1753,-15.013951,141.550472
1754,-16.052540,141.550472
1755,-17.085740,141.550472
1756,-18.113246,141.550472
1757,-19.134759,141.550472
1758,-20.149992,141.550472
1759,-21.158667,141.550472
1760,-34.903744,141.861658
1761,-35.344585,141.550472
1762,-35.783033,141.861658
1763,-36.219077,141.550472
1764,-36.652703,141.861658
1765,-37.512660,141.861658
1766,-37.083901,141.550472
1767,-37.938971,141.550472
1768,-38.362822,141.861658
1769,-9.751474,142.172843
1770,-10.282245,141.861658
1771,-10.812125,142.172843
1772,-11.341072,141.861658
1773,-11.869041,142.172843
1774,-12.395989,141.861658
1775,-13.446655,141.861658
1776,-14.492734,141.861658
1777,-15.533900,141.861658
1778,-16.569833,141.861658
1779,-17.600224,141.861658
1780,-18.624769,141.861658
1781,-19.643178,141.861658
1782,-20.655166,141.861658
1783,-21.660461,141.861658
1784,-22.658799,141.861658
1785,-23.649928,141.861658
1786,-24.633606,141.861658
1787,-25.609600,141.861658
1788,-26.577690,141.861658
1789,-27.537665,141.861658
1790,-28.489327,141.861658
1791,-29.432487,141.861658
1792,-30.366969,141.861658
1793,-31.292605,141.861658
1794,-32.209239,141.861658
1795,-33.116729,141.861658
1796,-34.014938,141.861658
1797,-9.219856,142.484029
1798,-12.921874,142.172843
1799,-13.446655,142.484029
1800,-13.970288,142.172843
1801,-14.492734,142.484029
1802,-15.013951,142.172843
1803,-15.533900,142.484029
1804,-16.569833,142.484029
1805,-16.052540,142.172843
1806,-17.085740,142.172843
1807,-17.600224,142.484029
1808,-18.113246,142.172843
1809,-18.624769,142.484029
1810,-19.134759,142.172843
1811,-19.643178,142.484029
1812,-20.655166,142.484029
1813,-20.149992,142.172843
1814,-21.158667,142.172843
1815,-21.660461,142.484029
1816,-22.160516,142.172843
1817,-22.658799,142.484029
1818,-23.155280,142.172843
1819,-23.649928,142.484029
1820,-24.633606,142.484029
1821,-24.142713,142.172843
1822,-25.122577,142.172843
1823,-25.609600,142.484029
1824,-26.094646,142.172843
1825,-26.577690,142.484029
1826,-27.058704,142.172843
1827,-28.014547,142.172843
1828,-28.961981,142.172843
1829,-29.900824,142.172843
1830,-30.830902,142.172843
1831,-31.752056,142.172843
1832,-32.664136,142.172843
1833,-33.567001,142.172843
1834,-34.460524,142.172843
1835,-35.344585,142.172843
1836,-36.219077,142.172843
1837,-37.083901,142.172843
1838,-37.938971,142.172843
1839,-10.282245,142.484029
1840,-11.341072,142.484029
1841,-12.395989,142.484029
1842,-28.014547,142.795214
1843,-27.537665,142.484029
1844,-28.489327,142.484029
1845,-28.961981,142.795214
1846,-29.432487,142.484029
1847,-29.900824,142.795214
1848,-30.366969,142.484029
1849,-30.830902,142.795214
1850,-31.752056,142.795214
1851,-31.292605,142.484029
1852,-32.209239,142.484029
1853,-32.664136,142.795214
1854,-33.116729,142.484029
1855,-33.567001,142.795214
1856,-34.014938,142.484029
1857,-34.460524,142.795214
1858,-35.344585,142.795214
1859,-34.903744,142.484029
1860,-35.783033,142.484029
1861,-36.219077,142.795214
1862,-36.652703,142.484029
1863,-37.083901,142.795214
1864,-37.512660,142.484029
1865,-37.938971,142.795214
1866,-38.784207,142.795214
1867,-38.362822,142.484029
1868,-9.219856,143.106400
1869,-9.751474,142.795214
1870,-10.812125,142.795214
1871,-11.869041,142.795214
1872,-12.921874,142.795214
1873,-13.970288,142.795214
1874,-15.013951,142.795214
1875,-16.052540,142.795214
1876,-17.085740,142.795214
1877,-18.113246,142.795214
1878,-19.134759,142.795214
1879,-20.149992,142.795214
1880,-21.158667,142.795214
1881,-22.160516,142.795214
1882,-23.155280,142.795214
1883,-24.142713,142.795214
1884,-25.122577,142.795214
1885,-26.094646,142.795214
1886,-27.058704,142.795214
1887,-9.751474,143.417585
1888,-10.282245,143.106400
1889,-11.341072,143.106400
1890,-11.869041,143.417585
1891,-12.395989,143.106400
1892,-12.921874,143.417585
1893,-13.970288,143.417585
1894,-13.446655,143.106400
1895,-14.492734,143.106400
1896,-15.013951,143.417585
1897,-15.533900,143.106400
1898,-16.052540,143.417585
1899,-16.569833,143.106400
1900,-17.085740,143.417585
1901,-18.113246,143.417585
1902,-17.600224,143.106400
1903,-18.624769,143.106400
1904,-19.643178,143.106400
1905,-20.655166,143.106400
1906,-21.660461,143.106400
1907,-22.658799,143.106400
1908,-23.649928,143.106400
1909,-24.633606,143.106400
1910,-25.609600,143.106400
1911,-26.577690,143.106400
1912,-27.537665,143.106400
1913,-28.489327,143.106400
1914,-29.432487,143.106400
1915,-30.366969,143.106400
1916,-31.292605,143.106400
1917,-32.209239,143.106400
1918,-33.116729,143.106400
1919,-34.014938,143.106400
1920,-34.903744,143.106400
1921,-35.783033,143.106400
1922,-36.652703,143.106400
1923,-37.512660,143.106400
1924,-38.362822,143.106400
1925,-9.219856,143.728771
1926,-18.624769,143.728771
1927,-19.134759,143.417585
1928,-19.643178,143.728771
1929,-20.655166,143.728771
1930,-20.149992,143.417585
1931,-21.158667,143.417585
1932,-21.660461,143.728771
1933,-22.160516,143.417585
1934,-22.658799,143.728771
1935,-23.155280,143.417585
1936,-23.649928,143.728771
1937,-24.633606,143.728771
1938,-24.142713,143.417585
1939,-25.122577,143.417585
1940,-25.609600,143.728771
1941,-26.094646,143.417585
1942,-26.577690,143.728771
1943,-27.058704,143.417585
1944,-27.537665,143.728771
1945,-28.489327,143.728771
1946,-28.014547,143.417585
1947,-28.961981,143.417585
1948,-29.432487,143.728771
1949,-29.900824,143.417585
1950,-30.366969,143.728771
1951,-30.830902,143.417585
1952,-31.292605,143.728771
1953,-32.209239,143.728771
1954,-31.752056,143.417585
1955,-32.664136,143.417585
1956,-33.567001,143.417585
1957,-34.460524,143.417585
1958,-35.344585,143.417585
1959,-36.219077,143.417585
1960,-37.083901,143.417585
1961,-37.938971,143.417585
1962,-38.784207,143.417585
1963,-12.395989,143.728771
1964,-13.446655,143.728771
1965,-14.492734,143.728771
1966,-15.533900,143.728771
1967,-16.569833,143.728771
1968,-17.600224,143.728771
1969,-32.664136,144.039956
1970,-33.116729,143.728771
1971,-33.567001,144.039956
1972,-34.014938,143.728771
1973,-34.460524,144.039956
1974,-35.344585,144.039956
1975,-34.903744,143.728771
1976,-35.783033,143.728771
1977,-36.219077,144.039956
1978,-36.652703,143.728771
1979,-37.083901,144.039956
1980,-37.512660,143.728771
1981,-37.938971,144.039956
1982,-38.784207,144.039956
1983,-38.362822,143.728771
1984,-39.619541,144.039956
1985,-40.033475,143.728771
1986,-9.751474,144.039956
1987,-13.970288,144.039956
1988,-15.013951,144.039956
1989,-16.052540,144.039956
1990,-17.085740,144.039956
1991,-18.113246,144.039956
1992,-19.134759,144.039956
1993,-20.149992,144.039956
1994,-21.158667,144.039956
1995,-22.160516,144.039956
1996,-23.155280,144.039956
1997,-24.142713,144.039956
1998,-25.122577,144.039956
1999,-26.094646,144.039956
2000,-27.058704,144.039956
2001,-28.014547,144.039956
2002,-28.961981,144.039956
2003,-29.900824,144.039956
2004,-30.830902,144.039956
2005,-31.752056,144.039956
2006,-13.970288,144.662327
2007,-14.492734,144.351142
2008,-15.013951,144.662327
2009,-15.533900,144.351142
2010,-16.052540,144.662327
2011,-16.569833,144.351142
2012,-17.085740,144.662327
2013,-18.113246,144.662327
2014,-17.600224,144.351142
2015,-18.624769,144.351142
2016,-19.134759,144.662327
2017,-19.643178,144.351142
2018,-20.149992,144.662327
2019,-20.655166,144.351142
2020,-21.158667,144.662327
2021,-22.160516,144.662327
2022,-21.660461,144.351142
2023,-22.658799,144.351142
2024,-23.155280,144.662327
2025,-23.649928,144.351142
2026,-24.633606,144.351142
2027,-25.609600,144.351142
2028,-26.577690,144.351142
2029,-27.537665,144.351142
2030,-28.489327,144.351142
2031,-29.432487,144.351142
2032,-30.366969,144.351142
2033,-31.292605,144.351142
2034,-32.209239,144.351142
2035,-33.116729,144.351142
2036,-34.014938,144.351142
2037,-34.903744,144.351142
2038,-35.783033,144.351142
2039,-36.652703,144.351142
2040,-37.512660,144.351142
2041,-38.362822,144.351142
2042,-40.033475,144.351142
2043,-40.853847,144.351142
2044,-24.633606,144.973513
2045,-24.142713,144.662327
2046,-25.122577,144.662327
2047,-25.609600,144.973513
2048,-26.094646,144.662327
2049,-26.577690,144.973513
2050,-27.058704,144.662327
2051,-27.537665,144.973513
2052,-28.489327,144.973513
2053,-28.014547,144.662327
2054,-28.961981,144.662327
2055,-29.432487,144.973513
2056,-29.900824,144.662327
2057,-30.366969,144.973513
2058,-30.830902,144.662327
2059,-31.292605,144.973513
2060,-32.209239,144.973513
2061,-31.752056,144.662327
2062,-32.664136,144.662327
2063,-33.116729,144.973513
2064,-33.567001,144.662327
2065,-34.014938,144.973513
2066,-34.460524,144.662327
2067,-34.903744,144.973513
2068,-35.783033,144.973513
2069,-35.344585,144.662327
2070,-36.219077,144.662327
2071,-36.652703,144.973513
2072,-37.083901,144.662327
2073,-37.938971,144.662327
2074,-40.444913,144.662327
2075,-41.260273,144.662327
2076,-14.492734,144.973513
2077,-15.533900,144.973513
2078,-16.569833,144.973513
2079,-17.600224,144.973513
2080,-18.624769,144.973513
2081,-19.643178,144.973513
2082,-20.655166,144.973513
2083,-21.660461,144.973513
2084,-22.658799,144.973513
2085,-23.649928,144.973513
2086,-37.512660,144.973513
2087,-37.938971,145.284699
2088,-38.784207,145.284699
2089,-38.362822,144.973513
2090,-40.444913,145.284699
2091,-40.853847,144.973513
2092,-41.260273,145.284699
2093,-42.065579,145.284699
2094,-41.664185,144.973513
2095,-42.464452,144.973513
2096,-42.860799,145.284699
2097,-14.492734,145.595884
2098,-15.013951,145.284699
2099,-15.533900,145.595884
2100,-16.052540,145.284699
2101,-17.085740,145.284699
2102,-18.113246,145.284699
2103,-19.134759,145.284699
2104,-20.149992,145.284699
2105,-21.158667,145.284699
2106,-22.160516,145.284699
2107,-23.155280,145.284699
2108,-24.142713,145.284699
2109,-25.122577,145.284699
2110,-26.094646,145.284699
2111,-27.058704,145.284699
2112,-28.014547,145.284699
2113,-28.961981,145.284699
2114,-29.900824,145.284699
2115,-30.830902,145.284699
2116,-31.752056,145.284699
2117,-32.664136,145.284699
2118,-33.567001,145.284699
2119,-34.460524,145.284699
2120,-35.344585,145.284699
2121,-36.219077,145.284699
2122,-37.083901,145.284699
2123,-16.569833,145.595884
2124,-17.085740,145.907070
2125,-18.113246,145.907070
2126,-17.600224,145.595884
2127,-18.624769,145.595884
2128,-19.134759,145.907070
2129,-19.643178,145.595884
2130,-20.149992,145.907070
2131,-20.655166,145.595884
2132,-21.158667,145.907070
2133,-22.160516,145.907070
2134,-21.660461,145.595884
2135,-22.658799,145.595884
2136,-23.155280,145.907070
2137,-23.649928,145.595884
2138,-24.142713,145.907070
2139,-24.633606,145.595884
2140,-25.122577,145.907070
2141,-26.094646,145.907070
2142,-25.609600,145.595884
2143,-26.577690,145.595884
2144,-27.058704,145.907070
2145,-27.537665,145.595884
2146,-28.014547,145.907070
2147,-28.489327,145.595884
2148,-28.961981,145.907070
2149,-29.432487,145.595884
2150,-30.366969,145.595884
2151,-31.292605,145.595884
2152,-32.209239,145.595884
2153,-33.116729,145.595884
2154,-34.014938,145.595884
2155,-34.903744,145.595884
2156,-35.783033,145.595884
2157,-36.652703,145.595884
2158,-37.512660,145.595884
2159,-38.362822,145.595884
2160,-40.853847,145.595884
2161,-41.664185,145.595884
2162,-42.464452,145.595884
2163,-43.254618,145.595884
2164,-29.432487,146.218255
2165,-29.900824,145.907070
2166,-30.366969,146.218255
2167,-30.830902,145.907070
2168,-31.292605,146.218255
2169,-32.209239,146.218255
2170,-31.752056,145.907070
2171,-32.664136,145.907070
2172,-33.116729,146.218255
2173,-33.567001,145.907070
2174,-34.014938,146.218255
2175,-34.460524,145.907070
2176,-34.903744,146.218255
2177,-35.783033,146.218255
2178,-35.344585,145.907070
2179,-36.219077,145.907070
2180,-36.652703,146.218255
2181,-37.083901,145.907070
2182,-37.512660,146.218255
2183,-37.938971,145.907070
2184,-38.362822,146.218255
2185,-39.203115,146.218255
2186,-38.784207,145.907070
2187,-41.260273,145.907070
2188,-41.664185,146.218255
2189,-42.065579,145.907070
2190,-42.860799,145.907070
2191,-43.645907,145.907070
2192,-16.569833,146.218255
2193,-17.600224,146.218255
2194,-18.624769,146.218255
2195,-19.643178,146.218255
2196,-20.655166,146.218255
2197,-21.660461,146.218255
2198,-22.658799,146.218255
2199,-23.649928,146.218255
2200,-24.633606,146.218255
2201,-25.609600,146.218255
2202,-26.577690,146.218255
2203,-27.537665,146.218255
2204,-28.489327,146.218255
2205,-42.464452,146.218255
2206,-42.860799,146.529441
2207,-43.254618,146.218255
2208,-43.645907,146.529441
2209,-18.624769,146.840626
2210,-18.113246,146.529441
2211,-19.134759,146.529441
2212,-19.643178,146.840626
2213,-20.149992,146.529441
2214,-20.655166,146.840626
2215,-21.158667,146.529441
2216,-22.160516,146.529441
2217,-23.155280,146.529441
2218,-24.142713,146.529441
2219,-25.122577,146.529441
2220,-26.094646,146.529441
2221,-27.058704,146.529441
2222,-28.014547,146.529441
2223,-28.961981,146.529441
2224,-29.900824,146.529441
2225,-30.830902,146.529441
2226,-31.752056,146.529441
2227,-32.664136,146.529441
2228,-33.567001,146.529441
2229,-34.460524,146.529441
2230,-35.344585,146.529441
2231,-36.219077,146.529441
2232,-37.083901,146.529441
2233,-37.938971,146.529441
2234,-38.784207,146.529441
2235,-39.619541,146.529441
2236,-41.260273,146.529441
2237,-42.065579,146.529441
2238,-22.160516,147.151812
2239,-21.660461,146.840626
2240,-22.658799,147.462997
2241,-22.658799,146.840626
2242,-23.155280,147.151812
2243,-23.649928,147.462997
2244,-23.649928,146.840626
2245,-24.142713,147.151812
2246,-24.633606,147.462997
2247,-24.633606,146.840626
2248,-25.122577,147.151812
2249,-25.609600,147.462997
2250,-26.094646,147.151812
2251,-25.609600,146.840626
2252,-26.577690,147.462997
2253,-26.577690,146.840626
2254,-27.058704,147.151812
2255,-27.537665,147.462997
2256,-27.537665,146.840626
2257,-28.014547,147.151812
2258,-28.489327,147.462997
2259,-28.489327,146.840626
2260,-28.961981,147.151812
2261,-29.432487,147.462997
2262,-29.900824,147.151812
2263,-29.432487,146.840626
2264,-30.366969,147.462997
2265,-30.366969,146.840626
2266,-30.830902,147.151812
2267,-31.292605,147.462997
2268,-31.292605,146.840626
2269,-31.752056,147.151812
2270,-32.209239,147.462997
2271,-32.209239,146.840626
2272,-32.664136,147.151812
2273,-33.116729,147.462997
2274,-33.567001,147.151812
2275,-33.116729,146.840626
2276,-34.014938,147.462997
2277,-34.014938,146.840626
2278,-34.460524,147.151812
2279,-34.903744,147.462997
2280,-34.903744,146.840626
2281,-35.344585,147.151812
2282,-35.783033,147.462997
2283,-35.783033,146.840626
2284,-36.219077,147.151812
2285,-36.652703,147.462997
2286,-37.083901,147.151812
2287,-36.652703,146.840626
2288,-37.512660,147.462997
2289,-37.512660,146.840626
2290,-37.938971,147.151812
2291,-38.362822,147.462997
2292,-38.362822,146.840626
2293,-38.784207,147.151812
2294,-39.203115,147.462997
2295,-39.203115,146.840626
2296,-39.619541,147.151812
2297,-40.033475,147.462997
2298,-40.853847,147.462997
2299,-40.853847,146.840626
2300,-41.260273,147.151812
2301,-41.664185,147.462997
2302,-41.664185,146.840626
2303,-42.065579,147.151812
2304,-42.464452,147.462997
2305,-42.464452,146.840626
2306,-42.860799,147.151812
2307,-43.254618,147.462997
2308,-43.645907,147.151812
2309,-43.254618,146.840626
2310,-19.134759,147.151812
2311,-19.643178,147.462997
2312,-20.149992,147.774183
2313,-20.655166,147.462997
2314,-20.149992,147.151812
2315,-21.158667,147.774183
2316,-21.158667,147.151812
2317,-21.660461,147.462997
2318,-22.160516,147.774183
2319,-23.155280,147.774183
2320,-24.142713,147.774183
2321,-25.122577,147.774183
2322,-26.094646,147.774183
2323,-27.058704,147.774183
2324,-28.014547,147.774183
2325,-28.961981,147.774183
2326,-29.900824,147.774183
2327,-30.830902,147.774183
2328,-31.752056,147.774183
2329,-32.664136,147.774183
2330,-33.567001,147.774183
2331,-34.460524,147.774183
2332,-19.643178,148.085368
2333,-20.655166,148.085368
2334,-21.660461,148.085368
2335,-22.658799,148.085368
2336,-23.649928,148.085368
2337,-24.633606,148.085368
2338,-25.609600,148.085368
2339,-26.577690,148.085368
2340,-35.344585,147.774183
2341,-36.219077,147.774183
2342,-37.083901,147.774183
2343,-37.938971,147.774183
2344,-39.619541,147.774183
2345,-40.444913,147.774183
2346,-41.260273,147.774183
2347,-42.065579,147.774183
2348,-42.860799,147.774183
2349,-27.058704,148.396554
2350,-27.537665,148.085368
2351,-28.014547,148.396554
2352,-28.489327,148.085368
2353,-28.961981,148.396554
2354,-29.900824,148.396554
2355,-29.432487,148.085368
2356,-30.366969,148.085368
2357,-30.830902,148.396554
2358,-31.292605,148.085368
2359,-31.752056,148.396554
2360,-32.209239,148.085368
2361,-32.664136,148.396554
2362,-33.567001,148.396554
2363,-33.116729,148.085368
2364,-34.014938,148.085368
2365,-34.460524,148.396554
2366,-34.903744,148.085368
2367,-35.344585,148.396554
2368,-35.783033,148.085368
2369,-36.219077,148.396554
2370,-37.083901,148.396554
2371,-36.652703,148.085368
2372,-37.512660,148.085368
2373,-37.938971,148.396554
2374,-40.033475,148.085368
2375,-40.853847,148.085368
2376,-41.664185,148.085368
2377,-42.464452,148.085368
2378,-43.254618,148.085368
2379,-20.149992,148.396554
2380,-21.158667,148.396554
2381,-22.160516,148.396554
2382,-23.155280,148.396554
2383,-24.142713,148.396554
2384,-25.122577,148.396554
2385,-26.094646,148.396554
2386,-40.033475,148.707740
2387,-40.444913,148.396554
2388,-41.260273,148.396554
2389,-42.065579,148.396554
2390,-16.052540,149.018925
2391,-17.085740,149.018925
2392,-19.643178,148.707740
2393,-20.655166,148.707740
2394,-21.660461,148.707740
2395,-22.658799,148.707740
2396,-23.649928,148.707740
2397,-24.633606,148.707740
2398,-25.609600,148.707740
2399,-26.577690,148.707740
2400,-27.537665,148.707740
2401,-28.489327,148.707740
2402,-29.432487,148.707740
2403,-30.366969,148.707740
2404,-31.292605,148.707740
2405,-32.209239,148.707740
2406,-33.116729,148.707740
2407,-34.014938,148.707740
2408,-34.903744,148.707740
2409,-35.783033,148.707740
2410,-36.652703,148.707740
2411,-37.512660,148.707740
2412,-20.149992,149.018925
2413,-20.655166,149.330111
2414,-21.158667,149.018925
2415,-21.660461,149.330111
2416,-22.658799,149.330111
2417,-22.160516,149.018925
2418,-23.155280,149.018925
2419,-23.649928,149.330111
2420,-24.142713,149.018925
2421,-24.633606,149.330111
2422,-25.122577,149.018925
2423,-25.609600,149.330111
2424,-26.577690,149.330111
2425,-26.094646,149.018925
2426,-27.058704,149.018925
2427,-27.537665,149.330111
2428,-28.014547,149.018925
2429,-28.489327,149.330111
2430,-28.961981,149.018925
2431,-29.432487,149.330111
2432,-30.366969,149.330111
2433,-29.900824,149.018925
2434,-30.830902,149.018925
2435,-31.292605,149.330111
2436,-31.752056,149.018925
2437,-32.664136,149.018925
2438,-33.567001,149.018925
2439,-34.460524,149.018925
2440,-35.344585,149.018925
2441,-36.219077,149.018925
2442,-37.083901,149.018925
2443,-37.938971,149.018925
2444,-32.209239,149.330111
2445,-32.664136,149.641296
2446,-33.567001,149.641296
2447,-33.116729,149.330111
2448,-34.014938,149.330111
2449,-34.460524,149.641296
2450,-34.903744,149.330111
2451,-35.344585,149.641296
2452,-35.783033,149.330111
2453,-36.219077,149.641296
2454,-37.083901,149.641296
2455,-36.652703,149.330111
2456,-37.512660,149.330111
2457,-37.938971,149.641296
2458,-21.158667,149.641296
2459,-22.160516,149.641296
2460,-23.155280,149.641296
2461,-24.142713,149.641296
2462,-25.122577,149.641296
2463,-26.094646,149.641296
2464,-27.058704,149.641296
2465,-28.014547,149.641296
2466,-28.961981,149.641296
2467,-29.900824,149.641296
2468,-30.830902,149.641296
2469,-31.752056,149.641296
2470,-20.655166,149.952482
2471,-21.158667,150.263667
2472,-21.660461,149.952482
2473,-22.160516,150.263667
2474,-22.658799,149.952482
2475,-23.155280,150.263667
2476,-23.649928,149.952482
2477,-24.633606,149.952482
2478,-25.609600,149.952482
2479,-26.577690,149.952482
2480,-27.537665,149.952482
2481,-28.489327,149.952482
2482,-29.432487,149.952482
2483,-30.366969,149.952482
2484,-31.292605,149.952482
2485,-32.209239,149.952482
2486,-33.116729,149.952482
2487,-34.014938,149.952482
2488,-34.903744,149.952482
2489,-35.783033,149.952482
2490,-36.652703,149.952482
2491,-37.512660,149.952482
2492,-23.649928,150.574853
2493,-24.142713,150.263667
2494,-24.633606,150.574853
2495,-25.122577,150.263667
2496,-25.609600,150.574853
2497,-26.577690,150.574853
2498,-26.094646,150.263667
2499,-27.058704,150.263667
2500,-27.537665,150.574853
2501,-28.014547,150.263667
2502,-28.489327,150.574853
2503,-28.961981,150.263667
2504,-29.432487,150.574853
2505,-30.366969,150.574853
2506,-29.900824,150.263667
2507,-30.830902,150.263667
2508,-31.292605,150.574853
2509,-31.752056,150.263667
2510,-32.209239,150.574853
2511,-32.664136,150.263667
2512,-33.116729,150.574853
2513,-34.014938,150.574853
2514,-33.567001,150.263667
2515,-34.460524,150.263667
2516,-34.903744,150.574853
2517,-35.344585,150.263667
2518,-35.783033,150.574853
2519,-36.219077,150.263667
2520,-37.083901,150.263667
2521,-17.600224,150.574853
2522,-21.660461,150.574853
2523,-22.658799,150.574853
2524,-17.085740,150.886038
2525,-22.160516,150.886038
2526,-23.155280,150.886038
2527,-24.142713,150.886038
2528,-25.122577,150.886038
2529,-26.094646,150.886038
2530,-27.058704,150.886038
2531,-28.014547,150.886038
2532,-28.961981,150.886038
2533,-29.900824,150.886038
2534,-30.830902,150.886038
2535,-31.752056,150.886038
2536,-32.664136,150.886038
2537,-33.567001,150.886038
2538,-34.460524,150.886038
2539,-35.344585,150.886038
2540,-17.600224,151.197224
2541,-22.658799,151.197224
2542,-23.155280,151.508409
2543,-24.142713,151.508409
2544,-23.649928,151.197224
2545,-24.633606,151.197224
2546,-25.122577,151.508409
2547,-25.609600,151.197224
2548,-26.094646,151.508409
2549,-26.577690,151.197224
2550,-27.058704,151.508409
2551,-28.014547,151.508409
2552,-27.537665,151.197224
2553,-28.489327,151.197224
2554,-29.432487,151.197224
2555,-30.366969,151.197224
2556,-31.292605,151.197224
2557,-32.209239,151.197224
2558,-33.116729,151.197224
2559,-34.014938,151.197224
2560,-28.961981,151.508409
2561,-29.432487,151.819595
2562,-30.366969,151.819595
2563,-29.900824,151.508409
2564,-30.830902,151.508409
2565,-31.292605,151.819595
2566,-31.752056,151.508409
2567,-32.209239,151.819595
2568,-32.664136,151.508409
2569,-33.116729,151.819595
2570,-33.567001,151.508409
2571,-17.600224,151.819595
2572,-23.649928,151.819595
2573,-24.633606,151.819595
2574,-25.609600,151.819595
2575,-26.577690,151.819595
2576,-27.537665,151.819595
2577,-28.489327,151.819595
2578,-17.085740,152.130780
2579,-23.155280,152.130780
2580,-24.142713,152.130780
2581,-25.122577,152.130780
2582,-26.094646,152.130780
2583,-27.058704,152.130780
2584,-28.014547,152.130780
2585,-28.961981,152.130780
2586,-29.900824,152.130780
2587,-30.830902,152.130780
2588,-31.752056,152.130780
2589,-32.664136,152.130780
2590,-24.142713,152.753152
2591,-23.649928,152.441966
2592,-24.633606,152.441966
2593,-25.122577,152.753152
2594,-25.609600,152.441966
2595,-26.094646,152.753152
2596,-26.577690,152.441966
2597,-27.058704,152.753152
2598,-28.014547,152.753152
2599,-27.537665,152.441966
2600,-28.489327,152.441966
2601,-28.961981,152.753152
2602,-29.432487,152.441966
2603,-29.900824,152.753152
2604,-30.366969,152.441966
2605,-30.830902,152.753152
2606,-31.752056,152.753152
2607,-31.292605,152.441966
2608,-32.209239,152.441966
2609,-32.664136,152.753152
2610,-24.633606,153.064337
2611,-25.609600,153.064337
2612,-26.577690,153.064337
2613,-27.537665,153.064337
2614,-28.489327,153.064337
2615,-29.432487,153.064337
2616,-30.366969,153.064337
2617,-31.292605,153.064337
2618,-25.122577,153.375523
2619,-26.094646,153.375523
2620,-27.058704,153.375523
2621,-28.014547,153.375523
2622,-28.961981,153.375523
2623,-29.900824,153.375523
2624,-30.830902,153.375523
2625,-27.537665,153.686708
2626,-28.489327,153.686708
2627,-29.432487,153.686708
2628,-17.085740,155.865007
2629,-31.292605,159.288048
2630,-31.752056,158.976862
