id,latitude,longitude,territory
1223,41.7881348948813,-83.4143811798332,ON
1231,41.7881348948813,-80.9103594174839,ON
481,43.3846065648468,-67.1382397245627,NS
484,43.3846065648468,-64.6342179622134,NS
1226,43.3846065648468,-82.1623702986585,ON
1234,43.3846065648468,-79.6583485363092,ON
1240,43.3846065648468,-77.15432677396,ON
193,44.9401161575755,-68.3902506057374,NB
196,44.9401161575755,-65.8862288433881,NB
478,44.9401161575755,-60.8781853186894,NS
482,44.9401161575755,-65.8862288433881,NS
485,44.9401161575755,-63.3822070810387,NS
487,44.9401161575755,-60.8781853186894,NS
1220,44.9401161575755,-83.4143811798332,ON
1228,44.9401161575755,-80.9103594174839,ON
1236,44.9401161575755,-78.4063376551346,ON
1241,44.9401161575755,-75.9023158927853,ON
1243,44.9401161575755,-73.3982941304359,ON
1254,44.9401161575755,-75.9023158927853,QC
1255,44.9401161575755,-73.3982941304359,QC
1257,44.9401161575755,-70.8942723680866,QC
1331,44.9401161575755,-75.9023158927853,QC
1337,44.9401161575755,-73.3982941304359,QC
192,46.4545977578286,-69.642261486912,NB
195,46.4545977578286,-67.1382397245627,NB
198,46.4545977578286,-64.6342179622134,NB
241,46.4545977578286,-57.1221526751655,NF
246,46.4545977578286,-54.6181309128162,NF
249,46.4545977578286,-52.1141091504669,NF
477,46.4545977578286,-62.1301961998641,NS
480,46.4545977578286,-59.6261744375148,NS
483,46.4545977578286,-64.6342179622134,NS
486,46.4545977578286,-62.1301961998641,NS
1216,46.4545977578286,-84.6663920610078,ON
1225,46.4545977578286,-82.1623702986585,ON
1233,46.4545977578286,-79.6583485363092,ON
1239,46.4545977578286,-77.15432677396,ON
1242,46.4545977578286,-74.6503050116106,ON
1244,46.4545977578286,-64.6342179622134,PE
1246,46.4545977578286,-62.1301961998641,PE
1247,46.4545977578286,-72.1462832492613,QC
1249,46.4545977578286,-69.642261486912,QC
1256,46.4545977578286,-72.1462832492613,QC
1259,46.4545977578286,-69.642261486912,QC
1310,46.4545977578286,-79.6583485363092,QC
1329,46.4545977578286,-77.15432677396,QC
1335,46.4545977578286,-74.6503050116106,QC
1341,46.4545977578286,-72.1462832492613,QC
149,47.9281033766849,-123.478729377422,BC
194,47.9281033766849,-68.3902506057374,NB
197,47.9281033766849,-65.8862288433881,NB
199,47.9281033766849,-63.3822070810387,NB
201,47.9281033766849,-58.3741635563401,NF
202,47.9281033766849,-53.3661200316415,NF
237,47.9281033766849,-58.3741635563401,NF
243,47.9281033766849,-55.8701417939908,NF
247,47.9281033766849,-53.3661200316415,NF
479,47.9281033766849,-60.8781853186894,NS
1201,47.9281033766849,-93.4304682292304,ON
1205,47.9281033766849,-90.9264464668811,ON
1209,47.9281033766849,-88.4224247045318,ON
1213,47.9281033766849,-85.9184029421825,ON
1221,47.9281033766849,-83.4143811798332,ON
1229,47.9281033766849,-80.9103594174839,ON
1237,47.9281033766849,-78.4063376551346,ON
1245,47.9281033766849,-63.3822070810387,PE
1248,47.9281033766849,-70.8942723680866,QC
1258,47.9281033766849,-70.8942723680866,QC
1260,47.9281033766849,-68.3902506057374,QC
1262,47.9281033766849,-65.8862288433881,QC
1264,47.9281033766849,-63.3822070810387,QC
1307,47.9281033766849,-80.9103594174839,QC
1312,47.9281033766849,-78.4063376551346,QC
1332,47.9281033766849,-75.9023158927853,QC
1338,47.9281033766849,-73.3982941304359,QC
1343,47.9281033766849,-70.8942723680866,QC
1362,47.9281033766849,-68.3902506057374,QC
200,49.3607935134968,-59.6261744375148,NF
203,49.3607935134968,-54.6181309128162,NF
236,49.3607935134968,-59.6261744375148,NF
240,49.3607935134968,-57.1221526751655,NF
245,49.3607935134968,-54.6181309128162,NF
248,49.3607935134968,-52.1141091504669,NF
1251,49.3607935134968,-64.6342179622134,QC
1253,49.3607935134968,-62.1301961998641,QC
1261,49.3607935134968,-67.1382397245627,QC
1263,49.3607935134968,-64.6342179622134,QC
1336,49.3607935134968,-74.6503050116106,QC
1342,49.3607935134968,-72.1462832492613,QC
1346,49.3607935134968,-69.642261486912,QC
1365,49.3607935134968,-67.1382397245627,QC
1368,49.3607935134968,-64.6342179622134,QC
1371,49.3607935134968,-62.1301961998641,QC
1374,49.3607935134968,-59.6261744375148,QC
6,49.3607935134969,-114.714653209199,AB
9,49.3607935134969,-112.21063144685,AB
12,49.3607935134969,-109.706609684501,AB
46,49.3607935134969,-127.234762020946,BC
47,49.3607935134969,-124.730740258597,BC
49,49.3607935134969,-124.730740258597,BC
105,49.3607935134969,-124.730740258597,BC
125,49.3607935134969,-122.226718496247,BC
128,49.3607935134969,-119.722696733898,BC
131,49.3607935134969,-117.218674971549,BC
133,49.3607935134969,-114.714653209199,BC
146,49.3607935134969,-127.234762020946,BC
148,49.3607935134969,-124.730740258597,BC
182,49.3607935134969,-102.194544397453,MB
185,49.3607935134969,-99.6905226351037,MB
188,49.3607935134969,-97.1865008727544,MB
191,49.3607935134969,-94.6824791104051,MB
1200,49.3607935134969,-94.6824791104051,ON
1204,49.3607935134969,-92.1784573480558,ON
1208,49.3607935134969,-89.6744355857064,ON
1212,49.3607935134969,-87.1704138233571,ON
1217,49.3607935134969,-84.6663920610078,ON
1227,49.3607935134969,-82.1623702986585,ON
1235,49.3607935134969,-79.6583485363092,ON
1311,49.3607935134969,-79.6583485363092,QC
1330,49.3607935134969,-77.15432677396,QC
1379,49.3607935134969,-109.706609684501,SK
1413,49.3607935134969,-107.202587922152,SK
1416,49.3607935134969,-104.698566159802,SK
1419,49.3607935134969,-102.194544397453,SK
4,50.7529277508231,-115.966664090374,AB
7,50.7529277508231,-113.462642328025,AB
10,50.7529277508231,-110.958620565676,AB
48,50.7529277508231,-125.982751139771,BC
50,50.7529277508231,-128.486772902121,BC
82,50.7529277508231,-125.982751139771,BC
93,50.7529277508231,-128.486772902121,BC
100,50.7529277508231,-125.982751139771,BC
123,50.7529277508231,-123.478729377422,BC
126,50.7529277508231,-120.974707615073,BC
129,50.7529277508231,-118.470685852723,BC
132,50.7529277508231,-115.966664090374,BC
145,50.7529277508231,-128.486772902121,BC
147,50.7529277508231,-125.982751139771,BC
183,50.7529277508231,-100.942533516278,MB
186,50.7529277508231,-98.438511753929,MB
189,50.7529277508231,-95.9344899915797,MB
238,50.7529277508231,-58.3741635563401,NF
242,50.7529277508231,-55.8701417939908,NF
1198,50.7529277508231,-95.9344899915797,ON
1202,50.7529277508231,-93.4304682292304,ON
1206,50.7529277508231,-90.9264464668811,ON
1210,50.7529277508231,-88.4224247045318,ON
1214,50.7529277508231,-85.9184029421825,ON
1222,50.7529277508231,-83.4143811798332,ON
1230,50.7529277508231,-80.9103594174839,ON
1238,50.7529277508231,-78.4063376551346,ON
1252,50.7529277508231,-63.3822070810387,QC
1308,50.7529277508231,-80.9103594174839,QC
1313,50.7529277508231,-78.4063376551346,QC
1333,50.7529277508231,-75.9023158927853,QC
1339,50.7529277508231,-73.3982941304359,QC
1344,50.7529277508231,-70.8942723680866,QC
1363,50.7529277508231,-68.3902506057374,QC
1366,50.7529277508231,-65.8862288433881,QC
1369,50.7529277508231,-63.3822070810387,QC
1372,50.7529277508231,-60.8781853186894,QC
1375,50.7529277508231,-58.3741635563401,QC
1377,50.7529277508231,-110.958620565676,SK
1380,50.7529277508231,-108.454598803326,SK
1414,50.7529277508231,-105.950577040977,SK
1417,50.7529277508231,-103.446555278628,SK
1420,50.7529277508231,-100.942533516278,SK
3,52.1048554914704,-117.218674971549,AB
5,52.1048554914704,-114.714653209199,AB
8,52.1048554914704,-112.21063144685,AB
11,52.1048554914704,-109.706609684501,AB
51,52.1048554914704,-127.234762020946,BC
52,52.1048554914704,-127.234762020946,BC
53,52.1048554914704,-127.234762020946,BC
55,52.1048554914704,-129.738783783295,BC
57,52.1048554914704,-127.234762020946,BC
58,52.1048554914704,-129.738783783295,BC
61,52.1048554914704,-127.234762020946,BC
63,52.1048554914704,-132.242805545645,BC
65,52.1048554914704,-129.738783783295,BC
66,52.1048554914704,-129.738783783295,BC
88,52.1048554914704,-129.738783783295,BC
95,52.1048554914704,-127.234762020946,BC
102,52.1048554914704,-124.730740258597,BC
124,52.1048554914704,-122.226718496247,BC
127,52.1048554914704,-119.722696733898,BC
130,52.1048554914704,-117.218674971549,BC
181,52.1048554914704,-102.194544397453,MB
184,52.1048554914704,-99.6905226351037,MB
187,52.1048554914704,-97.1865008727544,MB
190,52.1048554914704,-94.6824791104051,MB
230,52.1048554914704,-67.1382397245627,NF
231,52.1048554914704,-64.6342179622134,NF
232,52.1048554914704,-62.1301961998641,NF
233,52.1048554914704,-59.6261744375148,NF
234,52.1048554914704,-57.1221526751655,NF
235,52.1048554914704,-54.6181309128162,NF
239,52.1048554914704,-57.1221526751655,NF
244,52.1048554914704,-54.6181309128162,NF
1180,52.1048554914704,-82.1623702986585,ON
1181,52.1048554914704,-79.6583485363092,ON
1199,52.1048554914704,-94.6824791104051,ON
1203,52.1048554914704,-92.1784573480558,ON
1207,52.1048554914704,-89.6744355857064,ON
1211,52.1048554914704,-87.1704138233571,ON
1215,52.1048554914704,-84.6663920610078,ON
1224,52.1048554914704,-82.1623702986585,ON
1232,52.1048554914704,-79.6583485363092,ON
1250,52.1048554914704,-79.6583485363092,QC
1309,52.1048554914704,-79.6583485363092,QC
1328,52.1048554914704,-77.15432677396,QC
1334,52.1048554914704,-74.6503050116106,QC
1340,52.1048554914704,-72.1462832492613,QC
1345,52.1048554914704,-69.642261486912,QC
1364,52.1048554914704,-67.1382397245627,QC
1367,52.1048554914704,-64.6342179622134,QC
1370,52.1048554914704,-62.1301961998641,QC
1373,52.1048554914704,-59.6261744375148,QC
1376,52.1048554914704,-57.1221526751655,QC
1378,52.1048554914704,-109.706609684501,SK
1412,52.1048554914704,-107.202587922152,SK
1415,52.1048554914704,-104.698566159802,SK
1418,52.1048554914704,-102.194544397453,SK
13,53.4170069293524,-120.974707615073,AB
18,53.4170069293524,-118.470685852723,AB
23,53.4170069293524,-115.966664090374,AB
36,53.4170069293524,-113.462642328025,AB
41,53.4170069293524,-110.958620565676,AB
56,53.4170069293524,-128.486772902121,BC
59,53.4170069293524,-128.486772902121,BC
60,53.4170069293524,-128.486772902121,BC
62,53.4170069293524,-133.494816426819,BC
64,53.4170069293524,-130.99079466447,BC
67,53.4170069293524,-128.486772902121,BC
68,53.4170069293524,-128.486772902121,BC
69,53.4170069293524,-128.486772902121,BC
70,53.4170069293524,-130.99079466447,BC
71,53.4170069293524,-128.486772902121,BC
72,53.4170069293524,-133.494816426819,BC
74,53.4170069293524,-130.99079466447,BC
75,53.4170069293524,-128.486772902121,BC
76,53.4170069293524,-130.99079466447,BC
78,53.4170069293524,-128.486772902121,BC
79,53.4170069293524,-130.99079466447,BC
80,53.4170069293524,-130.99079466447,BC
85,53.4170069293524,-130.99079466447,BC
91,53.4170069293524,-128.486772902121,BC
98,53.4170069293524,-125.982751139771,BC
134,53.4170069293524,-123.478729377422,BC
139,53.4170069293524,-120.974707615073,BC
144,53.4170069293524,-118.470685852723,BC
160,53.4170069293524,-100.942533516278,MB
165,53.4170069293524,-98.438511753929,MB
170,53.4170069293524,-95.9344899915797,MB
175,53.4170069293524,-93.4304682292304,MB
210,53.4170069293524,-68.3902506057374,NF
212,53.4170069293524,-65.8862288433881,NF
218,53.4170069293524,-63.3822070810387,NF
224,53.4170069293524,-60.8781853186894,NF
227,53.4170069293524,-58.3741635563401,NF
229,53.4170069293524,-55.8701417939908,NF
1179,53.4170069293524,-80.9103594174839,ON
1182,53.4170069293524,-95.9344899915797,ON
1183,53.4170069293524,-93.4304682292304,ON
1185,53.4170069293524,-90.9264464668811,ON
1189,53.4170069293524,-88.4224247045318,ON
1193,53.4170069293524,-85.9184029421825,ON
1196,53.4170069293524,-83.4143811798332,ON
1219,53.4170069293524,-80.9103594174839,ON
1284,53.4170069293524,-78.4063376551346,QC
1290,53.4170069293524,-75.9023158927853,QC
1296,53.4170069293524,-73.3982941304359,QC
1302,53.4170069293524,-70.8942723680866,QC
1348,53.4170069293524,-68.3902506057374,QC
1354,53.4170069293524,-65.8862288433881,QC
1360,53.4170069293524,-63.3822070810387,QC
1389,53.4170069293524,-110.958620565676,SK
1394,53.4170069293524,-108.454598803326,SK
1400,53.4170069293524,-105.950577040977,SK
1405,53.4170069293524,-103.446555278628,SK
1410,53.4170069293524,-100.942533516278,SK
16,54.6898843292306,-119.722696733898,AB
21,54.6898843292306,-117.218674971549,AB
26,54.6898843292306,-114.714653209199,AB
39,54.6898843292306,-112.21063144685,AB
44,54.6898843292306,-109.706609684501,AB
54,54.6898843292306,-129.738783783295,BC
73,54.6898843292306,-132.242805545645,BC
77,54.6898843292306,-129.738783783295,BC
81,54.6898843292306,-129.738783783295,BC
89,54.6898843292306,-129.738783783295,BC
96,54.6898843292306,-127.234762020946,BC
103,54.6898843292306,-124.730740258597,BC
137,54.6898843292306,-122.226718496247,BC
142,54.6898843292306,-119.722696733898,BC
157,54.6898843292306,-102.194544397453,MB
162,54.6898843292306,-99.6905226351037,MB
167,54.6898843292306,-97.1865008727544,MB
172,54.6898843292306,-94.6824791104051,MB
177,54.6898843292306,-92.1784573480558,MB
211,54.6898843292306,-67.1382397245627,NF
215,54.6898843292306,-64.6342179622134,NF
221,54.6898843292306,-62.1301961998641,NF
226,54.6898843292306,-59.6261744375148,NF
228,54.6898843292306,-57.1221526751655,NF
1184,54.6898843292306,-92.1784573480558,ON
1187,54.6898843292306,-89.6744355857064,ON
1191,54.6898843292306,-87.1704138233571,ON
1195,54.6898843292306,-84.6663920610078,ON
1218,54.6898843292306,-82.1623702986585,ON
1282,54.6898843292306,-79.6583485363092,QC
1287,54.6898843292306,-77.15432677396,QC
1293,54.6898843292306,-74.6503050116106,QC
1299,54.6898843292306,-72.1462832492613,QC
1305,54.6898843292306,-69.642261486912,QC
1351,54.6898843292306,-67.1382397245627,QC
1357,54.6898843292306,-64.6342179622134,QC
1392,54.6898843292306,-109.706609684501,SK
1397,54.6898843292306,-107.202587922152,SK
1402,54.6898843292306,-104.698566159802,SK
1407,54.6898843292306,-102.194544397453,SK
15,55.9240536748535,-120.974707615073,AB
20,55.9240536748535,-118.470685852723,AB
25,55.9240536748535,-115.966664090374,AB
38,55.9240536748535,-113.462642328025,AB
43,55.9240536748535,-110.958620565676,AB
87,55.9240536748535,-130.99079466447,BC
94,55.9240536748535,-128.486772902121,BC
101,55.9240536748535,-125.982751139771,BC
136,55.9240536748535,-123.478729377422,BC
141,55.9240536748535,-120.974707615073,BC
161,55.9240536748535,-100.942533516278,MB
166,55.9240536748535,-98.438511753929,MB
171,55.9240536748535,-95.9344899915797,MB
176,55.9240536748535,-93.4304682292304,MB
179,55.9240536748535,-90.9264464668811,MB
207,55.9240536748535,-60.8781853186894,NF
213,55.9240536748535,-65.8862288433881,NF
219,55.9240536748535,-63.3822070810387,NF
225,55.9240536748535,-60.8781853186894,NF
1186,55.9240536748535,-90.9264464668811,ON
1190,55.9240536748535,-88.4224247045318,ON
1194,55.9240536748535,-85.9184029421825,ON
1197,55.9240536748535,-83.4143811798332,ON
1275,55.9240536748535,-80.9103594174839,QC
1277,55.9240536748535,-78.4063376551346,QC
1278,55.9240536748535,-78.4063376551346,QC
1279,55.9240536748535,-80.9103594174839,QC
1285,55.9240536748535,-78.4063376551346,QC
1291,55.9240536748535,-75.9023158927853,QC
1297,55.9240536748535,-73.3982941304359,QC
1303,55.9240536748535,-70.8942723680866,QC
1349,55.9240536748535,-68.3902506057374,QC
1355,55.9240536748535,-65.8862288433881,QC
1361,55.9240536748535,-63.3822070810387,QC
1391,55.9240536748535,-110.958620565676,SK
1396,55.9240536748535,-108.454598803326,SK
1401,55.9240536748535,-105.950577040977,SK
1406,55.9240536748535,-103.446555278628,SK
1411,55.9240536748535,-100.942533516278,SK
17,57.1201367307634,-119.722696733898,AB
22,57.1201367307634,-117.218674971549,AB
27,57.1201367307634,-114.714653209199,AB
40,57.1201367307634,-112.21063144685,AB
45,57.1201367307634,-109.706609684501,AB
84,57.1201367307634,-132.242805545645,BC
90,57.1201367307634,-129.738783783295,BC
97,57.1201367307634,-127.234762020946,BC
104,57.1201367307634,-124.730740258597,BC
138,57.1201367307634,-122.226718496247,BC
143,57.1201367307634,-119.722696733898,BC
158,57.1201367307634,-102.194544397453,MB
163,57.1201367307634,-99.6905226351037,MB
168,57.1201367307634,-97.1865008727544,MB
173,57.1201367307634,-94.6824791104051,MB
178,57.1201367307634,-92.1784573480558,MB
180,57.1201367307634,-89.6744355857064,MB
206,57.1201367307634,-62.1301961998641,NF
216,57.1201367307634,-64.6342179622134,NF
222,57.1201367307634,-62.1301961998641,NF
1188,57.1201367307634,-89.6744355857064,ON
1192,57.1201367307634,-87.1704138233571,ON
1276,57.1201367307634,-79.6583485363092,QC
1280,57.1201367307634,-79.6583485363092,QC
1288,57.1201367307634,-77.15432677396,QC
1294,57.1201367307634,-74.6503050116106,QC
1300,57.1201367307634,-72.1462832492613,QC
1306,57.1201367307634,-69.642261486912,QC
1352,57.1201367307634,-67.1382397245627,QC
1358,57.1201367307634,-64.6342179622134,QC
1393,57.1201367307634,-109.706609684501,SK
1398,57.1201367307634,-107.202587922152,SK
1403,57.1201367307634,-104.698566159802,SK
1408,57.1201367307634,-102.194544397453,SK
14,58.2788035502325,-120.974707615073,AB
19,58.2788035502325,-118.470685852723,AB
24,58.2788035502325,-115.966664090374,AB
37,58.2788035502325,-113.462642328025,AB
42,58.2788035502325,-110.958620565676,AB
83,58.2788035502325,-133.494816426819,BC
86,58.2788035502325,-130.99079466447,BC
92,58.2788035502325,-128.486772902121,BC
99,58.2788035502325,-125.982751139771,BC
135,58.2788035502325,-123.478729377422,BC
140,58.2788035502325,-120.974707615073,BC
159,58.2788035502325,-100.942533516278,MB
164,58.2788035502325,-98.438511753929,MB
169,58.2788035502325,-95.9344899915797,MB
174,58.2788035502325,-93.4304682292304,MB
217,58.2788035502325,-63.3822070810387,NF
223,58.2788035502325,-60.8781853186894,NF
1283,58.2788035502325,-78.4063376551346,QC
1289,58.2788035502325,-75.9023158927853,QC
1295,58.2788035502325,-73.3982941304359,QC
1301,58.2788035502325,-70.8942723680866,QC
1347,58.2788035502325,-68.3902506057374,QC
1353,58.2788035502325,-65.8862288433881,QC
1359,58.2788035502325,-63.3822070810387,QC
1390,58.2788035502325,-110.958620565676,SK
1395,58.2788035502325,-108.454598803326,SK
1399,58.2788035502325,-105.950577040977,SK
1404,58.2788035502325,-103.446555278628,SK
1409,58.2788035502325,-100.942533516278,SK
2,59.4007654504741,-119.722696733898,AB
29,59.4007654504741,-117.218674971549,AB
31,59.4007654504741,-114.714653209199,AB
33,59.4007654504741,-112.21063144685,AB
35,59.4007654504741,-109.706609684501,AB
106,59.4007654504741,-139.754870832692,BC
108,59.4007654504741,-137.250849070343,BC
110,59.4007654504741,-134.746827307994,BC
112,59.4007654504741,-132.242805545645,BC
114,59.4007654504741,-129.738783783295,BC
116,59.4007654504741,-127.234762020946,BC
118,59.4007654504741,-124.730740258597,BC
120,59.4007654504741,-122.226718496247,BC
122,59.4007654504741,-119.722696733898,BC
150,59.4007654504741,-102.194544397453,MB
152,59.4007654504741,-99.6905226351036,MB
154,59.4007654504741,-97.1865008727544,MB
156,59.4007654504741,-94.682479110405,MB
214,59.4007654504741,-64.6342179622134,NF
220,59.4007654504741,-62.1301961998641,NF
359,59.4007654504741,-122.226718496247,NT
361,59.4007654504741,-119.722696733898,NT
425,59.4007654504741,-117.218674971549,NT
427,59.4007654504741,-114.714653209199,NT
429,59.4007654504741,-112.21063144685,NT
431,59.4007654504741,-109.706609684501,NT
433,59.4007654504741,-107.202587922152,NT
435,59.4007654504741,-104.698566159802,NT
437,59.4007654504741,-102.194544397453,NT
885,59.4007654504741,-102.194544397453,NU
887,59.4007654504741,-99.6905226351036,NU
889,59.4007654504741,-97.1865008727544,NU
891,59.4007654504741,-94.682479110405,NU
1281,59.4007654504741,-79.6583485363092,QC
1286,59.4007654504741,-77.1543267739599,QC
1292,59.4007654504741,-74.6503050116106,QC
1298,59.4007654504741,-72.1462832492613,QC
1304,59.4007654504741,-69.642261486912,QC
1350,59.4007654504741,-67.1382397245627,QC
1356,59.4007654504741,-64.6342179622134,QC
1382,59.4007654504741,-109.706609684501,SK
1384,59.4007654504741,-107.202587922152,SK
1386,59.4007654504741,-104.698566159802,SK
1388,59.4007654504741,-102.194544397453,SK
1449,59.4007654504741,-139.754870832692,YT
1454,59.4007654504741,-137.250849070343,YT
1459,59.4007654504741,-134.746827307994,YT
1463,59.4007654504741,-132.242805545645,YT
1468,59.4007654504741,-129.738783783295,YT
1472,59.4007654504741,-127.234762020946,YT
1474,59.4007654504741,-124.730740258597,YT
1,60.4867684664508,-120.974707615073,AB
28,60.4867684664508,-118.470685852723,AB
30,60.4867684664508,-115.966664090374,AB
32,60.4867684664508,-113.462642328025,AB
34,60.4867684664508,-110.958620565675,AB
107,60.4867684664508,-138.502859951518,BC
109,60.4867684664508,-135.998838189169,BC
111,60.4867684664508,-133.494816426819,BC
113,60.4867684664508,-130.99079466447,BC
115,60.4867684664508,-128.486772902121,BC
117,60.4867684664508,-125.982751139771,BC
119,60.4867684664508,-123.478729377422,BC
121,60.4867684664508,-120.974707615073,BC
151,60.4867684664508,-100.942533516278,MB
153,60.4867684664508,-98.438511753929,MB
155,60.4867684664508,-95.9344899915797,MB
204,60.4867684664508,-65.8862288433881,NF
205,60.4867684664508,-63.3822070810387,NF
208,60.4867684664508,-65.8862288433881,NF
209,60.4867684664508,-63.3822070810387,NF
355,60.4867684664508,-125.982751139771,NT
357,60.4867684664508,-123.478729377422,NT
360,60.4867684664508,-120.974707615073,NT
424,60.4867684664508,-118.470685852723,NT
426,60.4867684664508,-115.966664090374,NT
428,60.4867684664508,-113.462642328025,NT
430,60.4867684664508,-110.958620565675,NT
432,60.4867684664508,-108.454598803326,NT
434,60.4867684664508,-105.950577040977,NT
436,60.4867684664508,-103.446555278628,NT
438,60.4867684664508,-100.942533516278,NT
886,60.4867684664508,-100.942533516278,NU
888,60.4867684664508,-98.438511753929,NU
890,60.4867684664508,-95.9344899915797,NU
892,60.4867684664508,-93.4304682292304,NU
1271,60.4867684664508,-68.3902506057374,QC
1314,60.4867684664508,-78.4063376551346,QC
1317,60.4867684664508,-75.9023158927853,QC
1320,60.4867684664508,-73.3982941304359,QC
1323,60.4867684664508,-70.8942723680866,QC
1325,60.4867684664508,-68.3902506057374,QC
1326,60.4867684664508,-65.8862288433881,QC
1327,60.4867684664508,-63.3822070810387,QC
1381,60.4867684664508,-110.958620565675,SK
1383,60.4867684664508,-108.454598803326,SK
1385,60.4867684664508,-105.950577040977,SK
1387,60.4867684664508,-103.446555278628,SK
1447,60.4867684664508,-141.006881713867,YT
1452,60.4867684664508,-138.502859951518,YT
1457,60.4867684664508,-135.998838189169,YT
1462,60.4867684664508,-133.494816426819,YT
1466,60.4867684664508,-130.99079466447,YT
1470,60.4867684664508,-128.486772902121,YT
1473,60.4867684664508,-125.982751139771,YT
1475,60.4867684664508,-123.478729377422,YT
337,61.5375872862322,-127.234762020946,NT
341,61.5375872862322,-124.730740258597,NT
344,61.5375872862322,-122.226718496247,NT
353,61.5375872862322,-129.738783783295,NT
362,61.5375872862322,-119.722696733898,NT
403,61.5375872862322,-117.218674971549,NT
408,61.5375872862322,-114.714653209199,NT
413,61.5375872862322,-112.21063144685,NT
418,61.5375872862322,-109.706609684501,NT
439,61.5375872862322,-107.202587922152,NT
443,61.5375872862322,-104.698566159802,NT
447,61.5375872862322,-102.194544397453,NT
488,61.5375872862322,-64.6342179622134,NU
489,61.5375872862322,-64.6342179622134,NU
898,61.5375872862322,-102.194544397453,NU
903,61.5375872862322,-99.6905226351036,NU
908,61.5375872862322,-97.1865008727543,NU
942,61.5375872862322,-94.682479110405,NU
947,61.5375872862322,-92.1784573480557,NU
1066,61.5375872862322,-67.1382397245627,NU
1273,61.5375872862322,-79.6583485363092,QC
1316,61.5375872862322,-77.1543267739599,QC
1319,61.5375872862322,-74.6503050116106,QC
1322,61.5375872862322,-72.1462832492613,QC
1324,61.5375872862322,-69.642261486912,QC
1444,61.5375872862322,-127.234762020946,YT
1445,61.5375872862322,-124.730740258597,YT
1450,61.5375872862322,-139.754870832692,YT
1455,61.5375872862322,-137.250849070343,YT
1460,61.5375872862322,-134.746827307994,YT
1464,61.5375872862322,-132.242805545645,YT
1469,61.5375872862322,-129.738783783295,YT
347,62.5540196638506,-120.974707615073,NT
352,62.5540196638506,-130.99079466447,NT
354,62.5540196638506,-128.486772902121,NT
356,62.5540196638506,-125.982751139771,NT
358,62.5540196638506,-123.478729377422,NT
402,62.5540196638506,-118.470685852723,NT
407,62.5540196638506,-115.966664090374,NT
412,62.5540196638506,-113.462642328025,NT
417,62.5540196638506,-110.958620565675,NT
422,62.5540196638506,-108.454598803326,NT
442,62.5540196638506,-105.950577040977,NT
446,62.5540196638506,-103.446555278628,NT
450,62.5540196638506,-100.942533516278,NT
490,62.5540196638506,-70.8942723680866,NU
491,62.5540196638506,-83.4143811798332,NU
493,62.5540196638506,-80.9103594174839,NU
500,62.5540196638506,-85.9184029421825,NU
901,62.5540196638506,-100.942533516278,NU
906,62.5540196638506,-98.438511753929,NU
940,62.5540196638506,-95.9344899915797,NU
945,62.5540196638506,-93.4304682292304,NU
950,62.5540196638506,-90.9264464668811,NU
1059,62.5540196638506,-70.8942723680866,NU
1063,62.5540196638506,-68.3902506057373,NU
1068,62.5540196638506,-65.8862288433881,NU
1072,62.5540196638506,-63.3822070810387,NU
1266,62.5540196638506,-78.4063376551346,QC
1269,62.5540196638506,-75.9023158927853,QC
1270,62.5540196638506,-73.3982941304359,QC
1272,62.5540196638506,-80.9103594174839,QC
1274,62.5540196638506,-78.4063376551346,QC
1315,62.5540196638506,-78.4063376551346,QC
1318,62.5540196638506,-75.9023158927853,QC
1321,62.5540196638506,-73.3982941304359,QC
1446,62.5540196638506,-133.494816426819,YT
1448,62.5540196638506,-141.006881713867,YT
1453,62.5540196638506,-138.502859951518,YT
1458,62.5540196638506,-135.998838189169,YT
1467,62.5540196638506,-130.99079466447,YT
1471,62.5540196638506,-128.486772902121,YT
335,63.5368812998772,-129.738783783295,NT
342,63.5368812998772,-124.730740258597,NT
349,63.5368812998772,-119.722696733898,NT
350,63.5368812998772,-122.226718496247,NT
351,63.5368812998772,-127.234762020946,NT
405,63.5368812998772,-117.218674971549,NT
410,63.5368812998772,-114.714653209199,NT
415,63.5368812998772,-112.21063144685,NT
420,63.5368812998772,-109.706609684501,NT
440,63.5368812998772,-107.202587922152,NT
444,63.5368812998772,-104.698566159802,NT
448,63.5368812998772,-102.194544397453,NT
492,63.5368812998772,-82.1623702986585,NU
494,63.5368812998772,-82.1623702986585,NU
496,63.5368812998772,-79.6583485363092,NU
498,63.5368812998772,-87.1704138233571,NU
502,63.5368812998772,-84.6663920610078,NU
505,63.5368812998772,-82.1623702986585,NU
899,63.5368812998772,-102.194544397453,NU
904,63.5368812998772,-99.6905226351036,NU
909,63.5368812998772,-97.1865008727543,NU
943,63.5368812998772,-94.682479110405,NU
948,63.5368812998772,-92.1784573480557,NU
952,63.5368812998772,-89.6744355857064,NU
1057,63.5368812998772,-72.1462832492613,NU
1061,63.5368812998772,-69.642261486912,NU
1065,63.5368812998772,-67.1382397245627,NU
1070,63.5368812998772,-64.6342179622134,NU
1265,63.5368812998772,-79.6583485363092,QC
1267,63.5368812998772,-77.1543267739599,QC
1268,63.5368812998772,-77.1543267739599,QC
1443,63.5368812998772,-129.738783783295,YT
1451,63.5368812998772,-139.754870832692,YT
1456,63.5368812998772,-137.250849070343,YT
1461,63.5368812998772,-134.746827307994,YT
1465,63.5368812998772,-132.242805545645,YT
331,64.4870011753658,-133.494816426819,NT
333,64.4870011753658,-130.99079466447,NT
336,64.4870011753658,-128.486772902121,NT
339,64.4870011753658,-125.982751139771,NT
343,64.4870011753658,-123.478729377422,NT
346,64.4870011753658,-120.974707615073,NT
401,64.4870011753658,-118.470685852723,NT
406,64.4870011753658,-115.966664090374,NT
411,64.4870011753658,-113.462642328025,NT
416,64.4870011753658,-110.958620565675,NT
421,64.4870011753658,-108.454598803326,NT
441,64.4870011753658,-105.950577040977,NT
445,64.4870011753658,-103.446555278628,NT
449,64.4870011753658,-100.942533516278,NT
495,64.4870011753658,-80.9103594174839,NU
499,64.4870011753658,-85.9184029421825,NU
503,64.4870011753658,-83.4143811798332,NU
506,64.4870011753658,-80.9103594174839,NU
866,64.4870011753658,-108.454598803326,NU
894,64.4870011753658,-105.950577040977,NU
896,64.4870011753658,-103.446555278628,NU
900,64.4870011753658,-100.942533516278,NU
905,64.4870011753658,-98.438511753929,NU
939,64.4870011753658,-95.9344899915797,NU
944,64.4870011753658,-93.4304682292304,NU
949,64.4870011753658,-90.9264464668811,NU
953,64.4870011753658,-88.4224247045317,NU
1051,64.4870011753658,-78.4063376551346,NU
1053,64.4870011753658,-75.9023158927853,NU
1055,64.4870011753658,-73.3982941304359,NU
1058,64.4870011753658,-70.8942723680866,NU
1062,64.4870011753658,-68.3902506057373,NU
1067,64.4870011753658,-65.8862288433881,NU
1071,64.4870011753658,-63.3822070810387,NU
1421,64.4870011753658,-141.006881713867,YT
1428,64.4870011753658,-138.502859951518,YT
1435,64.4870011753658,-135.998838189169,YT
1440,64.4870011753658,-133.494816426819,YT
1442,64.4870011753658,-130.99079466447,YT
1054,65.4052173212722,-74.6503050116106,NU
1060,65.4052173212722,-69.642261486912,NU
1064,65.4052173212722,-67.1382397245627,NU
1069,65.4052173212722,-64.6342179622134,NU
1073,65.4052173212722,-62.1301961998641,NU
332,65.4052173212723,-132.242805545645,NT
334,65.4052173212723,-129.738783783295,NT
338,65.4052173212723,-127.234762020946,NT
340,65.4052173212723,-124.730740258597,NT
345,65.4052173212723,-122.226718496247,NT
348,65.4052173212723,-119.722696733898,NT
404,65.4052173212723,-117.218674971549,NT
409,65.4052173212723,-114.714653209199,NT
414,65.4052173212723,-112.21063144685,NT
419,65.4052173212723,-109.706609684501,NT
497,65.4052173212723,-87.1704138233571,NU
501,65.4052173212723,-84.6663920610078,NU
504,65.4052173212723,-82.1623702986585,NU
508,65.4052173212723,-84.6663920610078,NU
510,65.4052173212723,-84.6663920610078,NU
511,65.4052173212723,-82.1623702986585,NU
863,65.4052173212723,-114.714653209199,NU
864,65.4052173212723,-112.21063144685,NU
865,65.4052173212723,-109.706609684501,NU
893,65.4052173212723,-107.202587922152,NU
895,65.4052173212723,-104.698566159802,NU
897,65.4052173212723,-102.194544397453,NU
902,65.4052173212723,-99.6905226351036,NU
907,65.4052173212723,-97.1865008727543,NU
941,65.4052173212723,-94.682479110405,NU
946,65.4052173212723,-92.1784573480557,NU
951,65.4052173212723,-89.6744355857064,NU
954,65.4052173212723,-87.1704138233571,NU
1052,65.4052173212723,-77.1543267739599,NU
1056,65.4052173212723,-72.1462832492613,NU
1426,65.4052173212723,-139.754870832692,YT
1433,65.4052173212723,-137.250849070343,YT
1439,65.4052173212723,-134.746827307994,YT
1441,65.4052173212723,-132.242805545645,YT
365,66.2923730028285,-133.494816426819,NT
371,66.2923730028285,-130.99079466447,NT
377,66.2923730028285,-128.486772902121,NT
383,66.2923730028285,-125.982751139771,NT
388,66.2923730028285,-123.478729377422,NT
393,66.2923730028285,-120.974707615073,NT
398,66.2923730028285,-118.470685852723,NT
400,66.2923730028285,-115.966664090374,NT
423,66.2923730028285,-113.462642328025,NT
507,66.2923730028285,-85.9184029421825,NU
509,66.2923730028285,-85.9184029421825,NU
512,66.2923730028285,-83.4143811798332,NU
859,66.2923730028285,-115.966664090374,NU
867,66.2923730028285,-113.462642328025,NU
870,66.2923730028285,-110.958620565675,NU
874,66.2923730028285,-108.454598803326,NU
878,66.2923730028285,-105.950577040977,NU
882,66.2923730028285,-103.446555278628,NU
918,66.2923730028285,-100.942533516278,NU
921,66.2923730028285,-98.438511753929,NU
925,66.2923730028285,-95.9344899915797,NU
930,66.2923730028285,-93.4304682292304,NU
935,66.2923730028285,-90.9264464668811,NU
957,66.2923730028285,-88.4224247045317,NU
962,66.2923730028285,-85.9184029421825,NU
967,66.2923730028285,-83.4143811798332,NU
1030,66.2923730028285,-73.3982941304359,NU
1035,66.2923730028285,-70.8942723680866,NU
1040,66.2923730028285,-68.3902506057373,NU
1045,66.2923730028285,-65.8862288433881,NU
1048,66.2923730028285,-63.3822070810387,NU
1050,66.2923730028285,-60.8781853186894,NU
1422,66.2923730028285,-141.006881713867,YT
1429,66.2923730028285,-138.502859951518,YT
1436,66.2923730028285,-135.998838189169,YT
1476,66.2923730028285,-133.494816426819,YT
326,67.1493132965085,-137.250849070343,NT
329,67.1493132965085,-134.746827307994,NT
369,67.1493132965085,-132.242805545645,NT
375,67.1493132965085,-129.738783783295,NT
381,67.1493132965085,-127.234762020946,NT
387,67.1493132965085,-124.730740258597,NT
392,67.1493132965085,-122.226718496247,NT
397,67.1493132965085,-119.722696733898,NT
399,67.1493132965085,-117.218674971549,NT
840,67.1493132965085,-77.1543267739599,NU
842,67.1493132965085,-74.6503050116106,NU
854,67.1493132965085,-119.722696733898,NU
858,67.1493132965085,-117.218674971549,NU
862,67.1493132965085,-114.714653209199,NU
869,67.1493132965085,-112.21063144685,NU
873,67.1493132965085,-109.706609684501,NU
877,67.1493132965085,-107.202587922152,NU
881,67.1493132965085,-104.698566159802,NU
884,67.1493132965085,-102.194544397453,NU
920,67.1493132965085,-99.6905226351036,NU
924,67.1493132965085,-97.1865008727543,NU
929,67.1493132965085,-94.682479110405,NU
934,67.1493132965085,-92.1784573480557,NU
956,67.1493132965085,-89.6744355857064,NU
961,67.1493132965085,-87.1704138233571,NU
966,67.1493132965085,-84.6663920610078,NU
971,67.1493132965085,-82.1623702986585,NU
1032,67.1493132965085,-72.1462832492613,NU
1037,67.1493132965085,-69.642261486912,NU
1042,67.1493132965085,-67.1382397245627,NU
1046,67.1493132965085,-64.6342179622134,NU
1049,67.1493132965085,-62.1301961998641,NU
1427,67.1493132965085,-139.754870832692,YT
1434,67.1493132965085,-137.250849070343,YT
1438,67.1493132965085,-134.746827307994,YT
328,67.9768820360536,-135.998838189169,NT
367,67.9768820360536,-133.494816426819,NT
373,67.9768820360536,-130.99079466447,NT
379,67.9768820360536,-128.486772902121,NT
385,67.9768820360536,-125.982751139771,NT
390,67.9768820360536,-123.478729377422,NT
395,67.9768820360536,-120.974707615073,NT
839,67.9768820360536,-78.4063376551346,NU
841,67.9768820360536,-75.9023158927853,NU
843,67.9768820360536,-75.9023158927853,NU
844,67.9768820360536,-73.3982941304359,NU
846,67.9768820360536,-85.9184029421825,NU
848,67.9768820360536,-78.4063376551346,NU
852,67.9768820360536,-120.974707615073,NU
856,67.9768820360536,-118.470685852723,NU
860,67.9768820360536,-115.966664090374,NU
868,67.9768820360536,-113.462642328025,NU
871,67.9768820360536,-110.958620565675,NU
875,67.9768820360536,-108.454598803326,NU
879,67.9768820360536,-105.950577040977,NU
883,67.9768820360536,-103.446555278628,NU
919,67.9768820360536,-100.942533516278,NU
922,67.9768820360536,-98.438511753929,NU
927,67.9768820360536,-95.9344899915797,NU
932,67.9768820360536,-93.4304682292304,NU
937,67.9768820360536,-90.9264464668811,NU
959,67.9768820360536,-88.4224247045317,NU
964,67.9768820360536,-85.9184029421825,NU
969,67.9768820360536,-83.4143811798332,NU
973,67.9768820360536,-80.9103594174839,NU
974,67.9768820360536,-75.9023158927853,NU
981,67.9768820360536,-95.9344899915797,NU
1029,67.9768820360536,-73.3982941304359,NU
1034,67.9768820360536,-70.8942723680866,NU
1039,67.9768820360536,-68.3902506057373,NU
1044,67.9768820360536,-65.8862288433881,NU
1047,67.9768820360536,-63.3822070810387,NU
1100,67.9768820360536,-113.462642328025,NU
1424,67.9768820360536,-141.006881713867,YT
1431,67.9768820360536,-138.502859951518,YT
1437,67.9768820360536,-135.998838189169,YT
325,68.7759191034241,-137.250849070343,NT
330,68.7759191034241,-134.746827307994,NT
368,68.7759191034241,-132.242805545645,NT
374,68.7759191034241,-129.738783783295,NT
380,68.7759191034241,-127.234762020946,NT
386,68.7759191034241,-124.730740258597,NT
391,68.7759191034241,-122.226718496247,NT
396,68.7759191034241,-119.722696733898,NT
845,68.7759191034241,-87.1704138233571,NU
847,68.7759191034241,-79.6583485363092,NU
849,68.7759191034241,-104.698566159802,NU
850,68.7759191034241,-122.226718496247,NU
853,68.7759191034241,-119.722696733898,NU
857,68.7759191034241,-117.218674971549,NU
861,68.7759191034241,-114.714653209199,NU
872,68.7759191034241,-109.706609684501,NU
876,68.7759191034241,-107.202587922152,NU
880,68.7759191034241,-104.698566159802,NU
923,68.7759191034241,-97.1865008727543,NU
928,68.7759191034241,-94.682479110405,NU
933,68.7759191034241,-92.1784573480557,NU
955,68.7759191034241,-89.6744355857064,NU
960,68.7759191034241,-87.1704138233571,NU
965,68.7759191034241,-84.6663920610078,NU
970,68.7759191034241,-82.1623702986585,NU
975,68.7759191034241,-74.6503050116106,NU
977,68.7759191034241,-99.6905226351036,NU
979,68.7759191034241,-97.1865008727543,NU
982,68.7759191034241,-94.682479110405,NU
1025,68.7759191034241,-77.1543267739599,NU
1027,68.7759191034241,-74.6503050116106,NU
1036,68.7759191034241,-69.642261486912,NU
1041,68.7759191034241,-67.1382397245627,NU
1077,68.7759191034241,-77.1543267739599,NU
1079,68.7759191034241,-102.194544397453,NU
1080,68.7759191034241,-99.6905226351036,NU
1081,68.7759191034241,-79.6583485363092,NU
1096,68.7759191034241,-114.714653209199,NU
1101,68.7759191034241,-112.21063144685,NU
1103,68.7759191034241,-109.706609684501,NU
1105,68.7759191034241,-107.202587922152,NU
1107,68.7759191034241,-104.698566159802,NU
1109,68.7759191034241,-102.194544397453,NU
1425,68.7759191034241,-139.754870832692,YT
1432,68.7759191034241,-137.250849070343,YT
1031,68.7759191034242,-72.1462832492613,NU
327,69.5472580404043,-135.998838189169,NT
366,69.5472580404043,-133.494816426819,NT
372,69.5472580404043,-130.99079466447,NT
378,69.5472580404043,-128.486772902121,NT
384,69.5472580404043,-125.982751139771,NT
389,69.5472580404043,-123.478729377422,NT
394,69.5472580404043,-120.974707615073,NT
452,69.5472580404043,-115.966664090374,NT
466,69.5472580404043,-113.462642328025,NT
467,69.5472580404043,-110.958620565675,NT
851,69.5472580404043,-120.974707615073,NU
855,69.5472580404043,-118.470685852723,NU
926,69.5472580404043,-95.9344899915797,NU
931,69.5472580404043,-93.4304682292304,NU
936,69.5472580404043,-90.9264464668811,NU
958,69.5472580404043,-88.4224247045317,NU
963,69.5472580404043,-85.9184029421825,NU
968,69.5472580404043,-83.4143811798332,NU
972,69.5472580404043,-80.9103594174839,NU
978,69.5472580404043,-98.438511753929,NU
980,69.5472580404043,-95.9344899915797,NU
1021,69.5472580404043,-85.9184029421825,NU
1022,69.5472580404043,-83.4143811798332,NU
1023,69.5472580404043,-80.9103594174839,NU
1024,69.5472580404043,-78.4063376551346,NU
1026,69.5472580404043,-75.9023158927853,NU
1028,69.5472580404043,-73.3982941304359,NU
1033,69.5472580404043,-70.8942723680866,NU
1038,69.5472580404043,-68.3902506057373,NU
1043,69.5472580404043,-65.8862288433881,NU
1075,69.5472580404043,-85.9184029421825,NU
1076,69.5472580404043,-78.4063376551346,NU
1078,69.5472580404043,-75.9023158927853,NU
1082,69.5472580404043,-78.4063376551346,NU
1083,69.5472580404043,-95.9344899915797,NU
1084,69.5472580404043,-95.9344899915797,NU
1085,69.5472580404043,-78.4063376551346,NU
1087,69.5472580404043,-80.9103594174839,NU
1088,69.5472580404043,-78.4063376551346,NU
1094,69.5472580404043,-118.470685852723,NU
1095,69.5472580404043,-115.966664090374,NU
1099,69.5472580404043,-113.462642328025,NU
1102,69.5472580404043,-110.958620565675,NU
1104,69.5472580404043,-108.454598803326,NU
1106,69.5472580404043,-105.950577040977,NU
1108,69.5472580404043,-103.446555278628,NU
1130,69.5472580404043,-100.942533516278,NU
1423,69.5472580404043,-141.006881713867,YT
1430,69.5472580404043,-138.502859951518,YT
363,70.2917239568331,-124.730740258597,NT
364,70.2917239568331,-122.226718496247,NT
370,70.2917239568331,-132.242805545645,NT
376,70.2917239568331,-129.738783783295,NT
382,70.2917239568331,-127.234762020946,NT
455,70.2917239568331,-117.218674971549,NT
460,70.2917239568331,-114.714653209199,NT
468,70.2917239568331,-112.21063144685,NT
473,70.2917239568331,-109.706609684501,NT
910,70.2917239568331,-97.1865008727543,NU
913,70.2917239568331,-94.682479110405,NU
916,70.2917239568331,-92.1784573480557,NU
938,70.2917239568331,-84.6663920610078,NU
976,70.2917239568331,-97.1865008727543,NU
983,70.2917239568331,-89.6744355857064,NU
985,70.2917239568331,-87.1704138233571,NU
989,70.2917239568331,-84.6663920610078,NU
997,70.2917239568331,-82.1623702986585,NU
1003,70.2917239568331,-79.6583485363092,NU
1008,70.2917239568331,-77.1543267739599,NU
1012,70.2917239568331,-74.6503050116106,NU
1016,70.2917239568331,-72.1462832492613,NU
1018,70.2917239568331,-69.642261486912,NU
1020,70.2917239568331,-67.1382397245627,NU
1074,70.2917239568331,-87.1704138233571,NU
1086,70.2917239568331,-79.6583485363092,NU
1097,70.2917239568331,-117.218674971549,NU
1098,70.2917239568331,-114.714653209199,NU
1110,70.2917239568331,-112.21063144685,NU
1113,70.2917239568331,-109.706609684501,NU
1119,70.2917239568331,-107.202587922152,NU
1124,70.2917239568331,-104.698566159802,NU
1128,70.2917239568331,-102.194544397453,NU
1129,70.2917239568331,-99.6905226351036,NU
305,71.0101317119746,-123.478729377422,NT
311,71.0101317119746,-120.974707615073,NT
454,71.0101317119746,-118.470685852723,NT
459,71.0101317119746,-115.966664090374,NT
464,71.0101317119746,-113.462642328025,NT
472,71.0101317119746,-110.958620565675,NT
476,71.0101317119746,-108.454598803326,NT
912,71.0101317119746,-95.9344899915797,NU
915,71.0101317119746,-93.4304682292304,NU
984,71.0101317119746,-88.4224247045317,NU
987,71.0101317119746,-85.9184029421825,NU
993,71.0101317119746,-83.4143811798332,NU
1000,71.0101317119746,-80.9103594174839,NU
1005,71.0101317119746,-78.4063376551346,NU
1010,71.0101317119746,-75.9023158927853,NU
1014,71.0101317119746,-73.3982941304359,NU
1017,71.0101317119746,-70.8942723680866,NU
1019,71.0101317119746,-68.3902506057373,NU
1089,71.0101317119746,-73.3982941304359,NU
1090,71.0101317119746,-70.8942723680866,NU
1092,71.0101317119746,-73.3982941304359,NU
1112,71.0101317119746,-110.958620565675,NU
1117,71.0101317119746,-108.454598803326,NU
1123,71.0101317119746,-105.950577040977,NU
1127,71.0101317119746,-103.446555278628,NU
1150,71.0101317119746,-98.438511753929,NU
1161,71.0101317119746,-88.4224247045317,NU
1166,71.0101317119746,-85.9184029421825,NU
303,71.7032843463185,-124.730740258597,NT
309,71.7032843463185,-122.226718496247,NT
315,71.7032843463185,-119.722696733898,NT
451,71.7032843463185,-119.722696733898,NT
457,71.7032843463185,-117.218674971549,NT
462,71.7032843463185,-114.714653209199,NT
470,71.7032843463185,-112.21063144685,NT
474,71.7032843463185,-109.706609684501,NT
911,71.7032843463185,-97.1865008727543,NU
914,71.7032843463185,-94.682479110405,NU
917,71.7032843463185,-92.1784573480557,NU
991,71.7032843463185,-84.6663920610078,NU
996,71.7032843463185,-82.1623702986585,NU
1002,71.7032843463185,-79.6583485363092,NU
1007,71.7032843463185,-77.1543267739599,NU
1011,71.7032843463185,-74.6503050116106,NU
1015,71.7032843463185,-72.1462832492613,NU
1091,71.7032843463185,-74.6503050116106,NU
1093,71.7032843463185,-72.1462832492613,NU
1115,71.7032843463185,-109.706609684501,NU
1121,71.7032843463185,-107.202587922152,NU
1126,71.7032843463185,-104.698566159802,NU
1135,71.7032843463185,-94.682479110405,NU
1148,71.7032843463185,-99.6905226351036,NU
1154,71.7032843463185,-97.1865008727543,NU
1159,71.7032843463185,-89.6744355857064,NU
1164,71.7032843463185,-87.1704138233571,NU
1168,71.7032843463185,-84.6663920610078,NU
300,72.3719717420484,-125.982751139771,NT
304,72.3719717420484,-123.478729377422,NT
310,72.3719717420484,-120.974707615073,NT
318,72.3719717420484,-118.470685852723,NT
323,72.3719717420484,-110.958620565675,NT
453,72.3719717420484,-118.470685852723,NT
458,72.3719717420484,-115.966664090374,NT
463,72.3719717420484,-113.462642328025,NT
471,72.3719717420484,-110.958620565675,NT
475,72.3719717420484,-108.454598803326,NT
986,72.3719717420484,-85.9184029421825,NU
992,72.3719717420484,-83.4143811798332,NU
999,72.3719717420484,-80.9103594174839,NU
1004,72.3719717420484,-78.4063376551346,NU
1009,72.3719717420484,-75.9023158927853,NU
1013,72.3719717420484,-73.3982941304359,NU
1111,72.3719717420484,-110.958620565675,NU
1116,72.3719717420484,-108.454598803326,NU
1122,72.3719717420484,-105.950577040977,NU
1131,72.3719717420484,-95.9344899915797,NU
1136,72.3719717420484,-93.4304682292304,NU
1142,72.3719717420484,-103.446555278628,NU
1144,72.3719717420484,-100.942533516278,NU
1149,72.3719717420484,-98.438511753929,NU
1155,72.3719717420484,-95.9344899915797,NU
1157,72.3719717420484,-90.9264464668811,NU
1160,72.3719717420484,-88.4224247045317,NU
1165,72.3719717420484,-85.9184029421825,NU
301,73.0169694914899,-124.730740258597,NT
307,73.0169694914899,-122.226718496247,NT
313,73.0169694914899,-119.722696733898,NT
320,73.0169694914899,-117.218674971549,NT
324,73.0169694914899,-109.706609684501,NT
456,73.0169694914899,-117.218674971549,NT
461,73.0169694914899,-114.714653209199,NT
469,73.0169694914899,-112.21063144685,NT
990,73.0169694914899,-84.6663920610078,NU
995,73.0169694914899,-82.1623702986585,NU
1001,73.0169694914899,-79.6583485363092,NU
1006,73.0169694914899,-77.1543267739599,NU
1114,73.0169694914899,-109.706609684501,NU
1120,73.0169694914899,-107.202587922152,NU
1125,73.0169694914899,-104.698566159802,NU
1134,73.0169694914899,-94.682479110405,NU
1139,73.0169694914899,-92.1784573480557,NU
1143,73.0169694914899,-102.194544397453,NU
1147,73.0169694914899,-99.6905226351036,NU
1153,73.0169694914899,-97.1865008727543,NU
1158,73.0169694914899,-89.6744355857064,NU
1163,73.0169694914899,-87.1704138233571,NU
1169,73.0169694914899,-97.1865008727543,NU
1171,73.0169694914899,-79.6583485363092,NU
1173,73.0169694914899,-77.1543267739599,NU
1175,73.0169694914899,-107.202587922152,NU
1177,73.0169694914899,-104.698566159802,NU
306,73.6390379540055,-123.478729377422,NT
312,73.6390379540055,-120.974707615073,NT
319,73.6390379540055,-118.470685852723,NT
322,73.6390379540055,-115.966664090374,NT
465,73.6390379540055,-113.462642328025,NT
837,73.6390379540055,-98.438511753929,NU
988,73.6390379540055,-85.9184029421825,NU
994,73.6390379540055,-83.4143811798332,NU
998,73.6390379540055,-80.9103594174839,NU
1118,73.6390379540055,-108.454598803326,NU
1132,73.6390379540055,-95.9344899915797,NU
1137,73.6390379540055,-93.4304682292304,NU
1140,73.6390379540055,-90.9264464668811,NU
1145,73.6390379540055,-100.942533516278,NU
1151,73.6390379540055,-98.438511753929,NU
1156,73.6390379540055,-95.9344899915797,NU
1162,73.6390379540055,-88.4224247045317,NU
1167,73.6390379540055,-85.9184029421825,NU
1170,73.6390379540055,-80.9103594174839,NU
1172,73.6390379540055,-78.4063376551346,NU
1174,73.6390379540055,-75.9023158927853,NU
1176,73.6390379540055,-105.950577040977,NU
1178,73.6390379540055,-103.446555278628,NU
277,74.2389214830024,-114.714653209199,NT
278,74.2389214830024,-112.21063144685,NT
302,74.2389214830024,-124.730740258597,NT
308,74.2389214830024,-122.226718496247,NT
314,74.2389214830024,-119.722696733898,NT
321,74.2389214830024,-117.218674971549,NT
522,74.2389214830024,-94.682479110405,NU
665,74.2389214830024,-89.6744355857064,NU
666,74.2389214830024,-87.1704138233571,NU
667,74.2389214830024,-84.6663920610078,NU
668,74.2389214830024,-82.1623702986585,NU
669,74.2389214830024,-79.6583485363092,NU
836,74.2389214830024,-99.6905226351036,NU
838,74.2389214830024,-97.1865008727543,NU
1133,74.2389214830024,-94.682479110405,NU
1138,74.2389214830024,-92.1784573480557,NU
1141,74.2389214830024,-89.6744355857064,NU
1146,74.2389214830024,-99.6905226351036,NU
1152,74.2389214830024,-97.1865008727543,NU
274,74.8173478059429,-115.966664090374,NT
280,74.8173478059429,-113.462642328025,NT
284,74.8173478059429,-110.958620565675,NT
286,74.8173478059429,-108.454598803326,NT
316,74.8173478059429,-123.478729377422,NT
317,74.8173478059429,-120.974707615073,NT
518,74.8173478059429,-103.446555278628,NU
525,74.8173478059429,-95.9344899915797,NU
527,74.8173478059429,-93.4304682292304,NU
619,74.8173478059429,-100.942533516278,NU
624,74.8173478059429,-98.438511753929,NU
628,74.8173478059429,-110.958620565675,NU
633,74.8173478059429,-108.454598803326,NU
637,74.8173478059429,-105.950577040977,NU
644,74.8173478059429,-93.4304682292304,NU
649,74.8173478059429,-90.9264464668811,NU
653,74.8173478059429,-88.4224247045317,NU
656,74.8173478059429,-85.9184029421825,NU
659,74.8173478059429,-83.4143811798332,NU
662,74.8173478059429,-80.9103594174839,NU
664,74.8173478059429,-78.4063376551346,NU
267,75.3750275414623,-119.722696733898,NT
269,75.3750275414623,-117.218674971549,NT
271,75.3750275414623,-117.218674971549,NT
275,75.3750275414623,-114.714653209199,NT
281,75.3750275414623,-112.21063144685,NT
285,75.3750275414623,-109.706609684501,NT
517,75.3750275414623,-104.698566159802,NU
519,75.3750275414623,-97.1865008727543,NU
521,75.3750275414623,-94.682479110405,NU
523,75.3750275414623,-97.1865008727543,NU
526,75.3750275414623,-94.682479110405,NU
528,75.3750275414623,-92.1784573480557,NU
616,75.3750275414623,-102.194544397453,NU
620,75.3750275414623,-99.6905226351036,NU
625,75.3750275414623,-97.1865008727543,NU
629,75.3750275414623,-109.706609684501,NU
634,75.3750275414623,-107.202587922152,NU
638,75.3750275414623,-104.698566159802,NU
645,75.3750275414623,-92.1784573480557,NU
650,75.3750275414623,-89.6744355857064,NU
654,75.3750275414623,-87.1704138233571,NU
657,75.3750275414623,-84.6663920610078,NU
660,75.3750275414623,-82.1623702986585,NU
663,75.3750275414623,-79.6583485363092,NU
268,75.9126538388939,-118.470685852723,NT
273,75.9126538388939,-115.966664090374,NT
279,75.9126538388939,-113.462642328025,NT
283,75.9126538388939,-110.958620565675,NT
288,75.9126538388939,-123.478729377422,NT
290,75.9126538388939,-120.974707615073,NT
293,75.9126538388939,-118.470685852723,NT
513,75.9126538388939,-95.9344899915797,NU
514,75.9126538388939,-93.4304682292304,NU
515,75.9126538388939,-103.446555278628,NU
516,75.9126538388939,-100.942533516278,NU
520,75.9126538388939,-95.9344899915797,NU
524,75.9126538388939,-95.9344899915797,NU
610,75.9126538388939,-80.9103594174839,NU
611,75.9126538388939,-78.4063376551346,NU
612,75.9126538388939,-103.446555278628,NU
614,75.9126538388939,-100.942533516278,NU
615,75.9126538388939,-103.446555278628,NU
618,75.9126538388939,-100.942533516278,NU
623,75.9126538388939,-98.438511753929,NU
627,75.9126538388939,-110.958620565675,NU
631,75.9126538388939,-108.454598803326,NU
636,75.9126538388939,-105.950577040977,NU
643,75.9126538388939,-93.4304682292304,NU
648,75.9126538388939,-90.9264464668811,NU
652,75.9126538388939,-88.4224247045317,NU
655,75.9126538388939,-85.9184029421825,NU
658,75.9126538388939,-83.4143811798332,NU
661,75.9126538388939,-80.9103594174839,NU
681,75.9126538388939,-80.9103594174839,NU
826,75.9126538388939,-103.446555278628,NU
251,76.4309021266632,-114.714653209199,NT
270,76.4309021266632,-117.218674971549,NT
272,76.4309021266632,-117.218674971549,NT
276,76.4309021266632,-114.714653209199,NT
282,76.4309021266632,-112.21063144685,NT
287,76.4309021266632,-109.706609684501,NT
289,76.4309021266632,-122.226718496247,NT
292,76.4309021266632,-119.722696733898,NT
295,76.4309021266632,-117.218674971549,NT
613,76.4309021266632,-102.194544397453,NU
617,76.4309021266632,-102.194544397453,NU
621,76.4309021266632,-99.6905226351036,NU
626,76.4309021266632,-97.1865008727543,NU
630,76.4309021266632,-109.706609684501,NU
635,76.4309021266632,-107.202587922152,NU
639,76.4309021266632,-97.1865008727543,NU
641,76.4309021266632,-94.682479110405,NU
646,76.4309021266632,-92.1784573480557,NU
651,76.4309021266632,-89.6744355857064,NU
673,76.4309021266632,-89.6744355857064,NU
675,76.4309021266632,-87.1704138233571,NU
677,76.4309021266632,-84.6663920610078,NU
679,76.4309021266632,-82.1623702986585,NU
682,76.4309021266632,-79.6583485363092,NU
684,76.4309021266632,-77.1543267739599,NU
825,76.4309021266632,-104.698566159802,NU
827,76.4309021266632,-102.194544397453,NU
828,76.4309021266632,-104.698566159802,NU
830,76.4309021266632,-102.194544397453,NU
831,76.4309021266632,-102.194544397453,NU
833,76.4309021266632,-99.6905226351036,NU
835,76.4309021266632,-89.6744355857064,NU
250,76.9304299571243,-115.966664090374,NT
252,76.9304299571243,-113.462642328025,NT
291,76.9304299571243,-120.974707615073,NT
294,76.9304299571243,-118.470685852723,NT
296,76.9304299571243,-115.966664090374,NT
537,76.9304299571243,-105.950577040977,NU
538,76.9304299571243,-103.446555278628,NU
541,76.9304299571243,-90.9264464668811,NU
622,76.9304299571243,-98.438511753929,NU
632,76.9304299571243,-108.454598803326,NU
640,76.9304299571243,-95.9344899915797,NU
642,76.9304299571243,-93.4304682292304,NU
647,76.9304299571243,-90.9264464668811,NU
674,76.9304299571243,-88.4224247045317,NU
676,76.9304299571243,-85.9184029421825,NU
678,76.9304299571243,-83.4143811798332,NU
680,76.9304299571243,-80.9103594174839,NU
683,76.9304299571243,-78.4063376551346,NU
829,76.9304299571243,-103.446555278628,NU
832,76.9304299571243,-100.942533516278,NU
834,76.9304299571243,-90.9264464668811,NU
255,77.4118769364775,-114.714653209199,NT
259,77.4118769364775,-112.21063144685,NT
262,77.4118769364775,-109.706609684501,NT
297,77.4118769364775,-119.722696733898,NT
298,77.4118769364775,-117.218674971549,NT
299,77.4118769364775,-114.714653209199,NT
536,77.4118769364775,-104.698566159802,NU
539,77.4118769364775,-92.1784573480557,NU
542,77.4118769364775,-89.6744355857064,NU
546,77.4118769364775,-97.1865008727543,NU
548,77.4118769364775,-94.682479110405,NU
550,77.4118769364775,-92.1784573480557,NU
552,77.4118769364775,-102.194544397453,NU
726,77.4118769364775,-87.1704138233571,NU
732,77.4118769364775,-84.6663920610078,NU
738,77.4118769364775,-82.1623702986585,NU
744,77.4118769364775,-79.6583485363092,NU
750,77.4118769364775,-77.1543267739599,NU
253,77.8758647294083,-115.966664090374,NT
256,77.8758647294083,-113.462642328025,NT
257,77.8758647294083,-113.462642328025,NT
260,77.8758647294083,-110.958620565675,NT
263,77.8758647294083,-108.454598803326,NT
535,77.8758647294083,-105.950577040977,NU
540,77.8758647294083,-90.9264464668811,NU
547,77.8758647294083,-95.9344899915797,NU
549,77.8758647294083,-93.4304682292304,NU
551,77.8758647294083,-103.446555278628,NU
553,77.8758647294083,-100.942533516278,NU
554,77.8758647294083,-98.438511753929,NU
557,77.8758647294083,-95.9344899915797,NU
568,77.8758647294083,-100.942533516278,NU
571,77.8758647294083,-98.438511753929,NU
579,77.8758647294083,-90.9264464668811,NU
601,77.8758647294083,-88.4224247045317,NU
724,77.8758647294083,-88.4224247045317,NU
727,77.8758647294083,-85.9184029421825,NU
733,77.8758647294083,-83.4143811798332,NU
739,77.8758647294083,-80.9103594174839,NU
745,77.8758647294083,-78.4063376551346,NU
758,77.8758647294083,-75.9023158927853,NU
254,78.3229971290351,-114.714653209199,NT
258,78.3229971290351,-112.21063144685,NT
261,78.3229971290351,-109.706609684501,NT
264,78.3229971290351,-112.21063144685,NT
266,78.3229971290351,-109.706609684501,NT
530,78.3229971290351,-109.706609684501,NU
556,78.3229971290351,-97.1865008727543,NU
559,78.3229971290351,-94.682479110405,NU
563,78.3229971290351,-104.698566159802,NU
567,78.3229971290351,-102.194544397453,NU
570,78.3229971290351,-99.6905226351036,NU
578,78.3229971290351,-92.1784573480557,NU
600,78.3229971290351,-89.6744355857064,NU
604,78.3229971290351,-87.1704138233571,NU
725,78.3229971290351,-87.1704138233571,NU
730,78.3229971290351,-84.6663920610078,NU
736,78.3229971290351,-82.1623702986585,NU
743,78.3229971290351,-79.6583485363092,NU
749,78.3229971290351,-77.1543267739599,NU
761,78.3229971290351,-74.6503050116106,NU
265,78.7538601836333,-110.958620565675,NT
529,78.7538601836333,-110.958620565675,NU
531,78.7538601836333,-108.454598803326,NU
544,78.7538601836333,-85.9184029421825,NU
555,78.7538601836333,-98.438511753929,NU
558,78.7538601836333,-95.9344899915797,NU
560,78.7538601836333,-105.950577040977,NU
564,78.7538601836333,-103.446555278628,NU
569,78.7538601836333,-100.942533516278,NU
572,78.7538601836333,-98.438511753929,NU
575,78.7538601836333,-93.4304682292304,NU
580,78.7538601836333,-90.9264464668811,NU
602,78.7538601836333,-88.4224247045317,NU
606,78.7538601836333,-85.9184029421825,NU
728,78.7538601836333,-85.9184029421825,NU
734,78.7538601836333,-83.4143811798332,NU
740,78.7538601836333,-80.9103594174839,NU
746,78.7538601836333,-78.4063376551346,NU
757,78.7538601836333,-75.9023158927853,NU
763,78.7538601836333,-73.3982941304359,NU
543,79.1690223724275,-87.1704138233571,NU
545,79.1690223724275,-84.6663920610078,NU
562,79.1690223724275,-104.698566159802,NU
566,79.1690223724275,-102.194544397453,NU
574,79.1690223724275,-94.682479110405,NU
577,79.1690223724275,-92.1784573480557,NU
599,79.1690223724275,-89.6744355857064,NU
605,79.1690223724275,-87.1704138233571,NU
608,79.1690223724275,-84.6663920610078,NU
731,79.1690223724275,-84.6663920610078,NU
737,79.1690223724275,-82.1623702986585,NU
742,79.1690223724275,-79.6583485363092,NU
748,79.1690223724275,-77.1543267739599,NU
760,79.1690223724275,-74.6503050116106,NU
532,79.5690348235014,-98.438511753929,NU
561,79.5690348235014,-105.950577040977,NU
565,79.5690348235014,-103.446555278628,NU
573,79.5690348235014,-95.9344899915797,NU
576,79.5690348235014,-93.4304682292304,NU
581,79.5690348235014,-90.9264464668811,NU
603,79.5690348235014,-88.4224247045317,NU
607,79.5690348235014,-85.9184029421825,NU
729,79.5690348235014,-85.9184029421825,NU
735,79.5690348235014,-83.4143811798332,NU
741,79.5690348235014,-80.9103594174839,NU
747,79.5690348235014,-78.4063376551346,NU
756,79.5690348235014,-75.9023158927853,NU
762,79.5690348235014,-73.3982941304359,NU
765,79.5690348235014,-70.8942723680866,NU
533,79.9544315675796,-99.6905226351036,NU
582,79.9544315675796,-97.1865008727543,NU
586,79.9544315675796,-94.682479110405,NU
591,79.9544315675796,-92.1784573480557,NU
596,79.9544315675796,-89.6744355857064,NU
609,79.9544315675796,-87.1704138233571,NU
751,79.9544315675796,-77.1543267739599,NU
752,79.9544315675796,-79.6583485363092,NU
753,79.9544315675796,-82.1623702986585,NU
754,79.9544315675796,-84.6663920610078,NU
755,79.9544315675796,-87.1704138233571,NU
759,79.9544315675796,-74.6503050116106,NU
764,79.9544315675796,-72.1462832492613,NU
766,79.9544315675796,-69.642261486912,NU
534,80.3257298220795,-98.438511753929,NU
585,80.3257298220795,-95.9344899915797,NU
590,80.3257298220795,-93.4304682292304,NU
595,80.3257298220795,-90.9264464668811,NU
597,80.3257298220795,-88.4224247045317,NU
685,80.3257298220795,-80.9103594174839,NU
686,80.3257298220795,-85.9184029421825,NU
687,80.3257298220795,-75.9023158927853,NU
688,80.3257298220795,-78.4063376551346,NU
689,80.3257298220795,-83.4143811798332,NU
711,80.3257298220795,-73.3982941304359,NU
715,80.3257298220795,-70.8942723680866,NU
719,80.3257298220795,-68.3902506057373,NU
583,80.6834303004242,-97.1865008727543,NU
588,80.6834303004242,-94.682479110405,NU
593,80.6834303004242,-92.1784573480557,NU
598,80.6834303004242,-89.6744355857064,NU
690,80.6834303004242,-87.1704138233571,NU
691,80.6834303004242,-77.1543267739599,NU
692,80.6834303004242,-79.6583485363092,NU
693,80.6834303004242,-82.1623702986585,NU
694,80.6834303004242,-84.6663920610078,NU
695,80.6834303004242,-89.6744355857064,NU
709,80.6834303004242,-74.6503050116106,NU
713,80.6834303004242,-72.1462832492613,NU
717,80.6834303004242,-69.642261486912,NU
721,80.6834303004242,-67.1382397245627,NU
584,81.0280175421461,-95.9344899915797,NU
589,81.0280175421461,-93.4304682292304,NU
594,81.0280175421461,-90.9264464668811,NU
672,81.0280175421461,-90.9264464668811,NU
696,81.0280175421461,-80.9103594174839,NU
697,81.0280175421461,-85.9184029421825,NU
698,81.0280175421461,-88.4224247045317,NU
699,81.0280175421461,-75.9023158927853,NU
700,81.0280175421461,-78.4063376551346,NU
701,81.0280175421461,-83.4143811798332,NU
710,81.0280175421461,-73.3982941304359,NU
714,81.0280175421461,-70.8942723680866,NU
718,81.0280175421461,-68.3902506057373,NU
722,81.0280175421461,-65.8862288433881,NU
587,81.3599602598067,-94.682479110405,NU
592,81.3599602598067,-92.1784573480557,NU
670,81.3599602598067,-92.1784573480557,NU
702,81.3599602598067,-87.1704138233571,NU
703,81.3599602598067,-77.1543267739599,NU
704,81.3599602598067,-79.6583485363092,NU
705,81.3599602598067,-82.1623702986585,NU
706,81.3599602598067,-84.6663920610078,NU
707,81.3599602598067,-89.6744355857064,NU
708,81.3599602598067,-74.6503050116106,NU
712,81.3599602598067,-72.1462832492613,NU
716,81.3599602598067,-69.642261486912,NU
720,81.3599602598067,-67.1382397245627,NU
723,81.3599602598067,-64.6342179622134,NU
671,81.6797116992031,-90.9264464668811,NU
768,81.6797116992031,-88.4224247045318,NU
771,81.6797116992031,-85.9184029421825,NU
775,81.6797116992031,-83.4143811798332,NU
779,81.6797116992031,-80.9103594174839,NU
784,81.6797116992031,-78.4063376551346,NU
790,81.6797116992031,-75.9023158927853,NU
797,81.6797116992031,-73.398294130436,NU
803,81.6797116992031,-70.8942723680866,NU
809,81.6797116992031,-68.3902506057374,NU
815,81.6797116992031,-65.8862288433881,NU
821,81.6797116992031,-63.3822070810387,NU
767,81.9877100097395,-89.6744355857064,NU
770,81.9877100097395,-87.1704138233571,NU
774,81.9877100097395,-84.6663920610078,NU
778,81.9877100097395,-82.1623702986585,NU
783,81.9877100097395,-79.6583485363093,NU
788,81.9877100097395,-77.1543267739599,NU
794,81.9877100097395,-74.6503050116106,NU
800,81.9877100097395,-72.1462832492613,NU
806,81.9877100097395,-69.642261486912,NU
812,81.9877100097395,-67.1382397245627,NU
818,81.9877100097395,-64.6342179622134,NU
823,81.9877100097395,-62.1301961998641,NU
769,82.2843786222106,-88.4224247045318,NU
772,82.2843786222106,-85.9184029421825,NU
776,82.2843786222106,-83.4143811798332,NU
781,82.2843786222106,-80.9103594174839,NU
786,82.2843786222106,-78.4063376551346,NU
792,82.2843786222106,-75.9023158927853,NU
798,82.2843786222106,-73.398294130436,NU
804,82.2843786222106,-70.8942723680866,NU
810,82.2843786222106,-68.3902506057374,NU
816,82.2843786222106,-65.8862288433881,NU
820,82.2843786222106,-63.3822070810387,NU
824,82.2843786222106,-60.8781853186894,NU
773,82.5701266315726,-84.6663920610078,NU
777,82.5701266315726,-82.1623702986585,NU
782,82.5701266315726,-79.6583485363093,NU
787,82.5701266315726,-77.1543267739599,NU
793,82.5701266315726,-74.6503050116106,NU
799,82.5701266315726,-72.1462832492613,NU
805,82.5701266315726,-69.642261486912,NU
811,82.5701266315726,-67.1382397245627,NU
817,82.5701266315726,-64.6342179622134,NU
822,82.5701266315726,-62.1301961998641,NU
780,82.845349182582,-80.9103594174839,NU
785,82.845349182582,-78.4063376551346,NU
791,82.845349182582,-75.9023158927853,NU
796,82.845349182582,-73.398294130436,NU
802,82.845349182582,-70.8942723680866,NU
808,82.845349182582,-68.3902506057374,NU
814,82.845349182582,-65.8862288433881,NU
819,82.845349182582,-63.3822070810387,NU
789,83.1104278564453,-77.1543267739599,NU
795,83.1104278564453,-74.6503050116106,NU
801,83.1104278564453,-72.1462832492613,NU
807,83.1104278564453,-69.642261486912,NU
813,83.1104278564453,-67.1382397245627,NU
