id,latitude,longitude,country
1,39.583057,19.001757,AL
2,42.030417,19.001757,AL
3,40.818022,19.935313,AL
4,43.220122,19.935313,AL
5,39.583057,20.86887,AL
6,42.030417,20.86887,AL
7,40.818022,21.802426,AL
8,49.880099,12.466864,CZ
9,50.910837,13.40042,CZ
10,48.826877,13.40042,CZ
11,48.826877,17.134645,CZ
12,48.826877,15.267533,CZ
13,48.826877,19.001757,CZ
14,49.880099,16.201089,CZ
15,49.880099,14.333976,CZ
16,49.880099,18.068201,CZ
17,50.910837,17.134645,CZ
18,50.910837,15.267533,CZ
19,51.919244,4.998414,DE
20,50.910837,5.931971,DE
21,48.826877,5.931971,DE
22,51.919244,6.865527,DE
23,49.880099,6.865527,DE
24,47.751044,6.865527,DE
25,53.869803,6.865527,DE
26,52.905499,5.931971,DE
27,47.751044,8.732639,DE
28,48.826877,7.799083,DE
29,49.880099,8.732639,DE
30,50.910837,7.799083,DE
31,51.919244,8.732639,DE
32,52.905499,7.799083,DE
33,53.869803,8.732639,DE
34,54.812376,7.799083,DE
35,54.812376,9.666195,DE
36,52.905499,9.666195,DE
37,50.910837,9.666195,DE
38,48.826877,9.666195,DE
39,46.652502,9.666195,DE
40,47.751044,10.599752,DE
41,48.826877,11.533308,DE
42,49.880099,10.599752,DE
43,50.910837,11.533308,DE
44,51.919244,10.599752,DE
45,52.905499,11.533308,DE
46,53.869803,10.599752,DE
47,54.812376,11.533308,DE
48,53.869803,12.466864,DE
49,51.919244,12.466864,DE
50,49.880099,12.466864,DE
51,47.751044,12.466864,DE
52,54.812376,13.40042,DE
53,52.905499,13.40042,DE
54,50.910837,13.40042,DE
55,48.826877,13.40042,DE
56,53.869803,14.333976,DE
57,50.910837,15.267533,DE
58,51.919244,14.333976,DE
59,52.905499,15.267533,DE
60,54.812376,7.799083,DK
61,55.733459,8.732639,DK
62,56.63331,7.799083,DK
63,56.63331,9.666195,DK
64,54.812376,9.666195,DK
65,54.812376,11.533308,DK
66,55.733459,10.599752,DK
67,56.63331,11.533308,DK
68,57.512202,8.732639,DK
69,57.512202,10.599752,DK
70,55.733459,12.466864,DK
71,54.812376,13.40042,DK
72,54.812376,15.267533,DK
73,55.733459,14.333976,DK
74,35.744611,33.0051,CY
75,34.421473,32.071544,CY
76,35.744611,34.872213,CY
77,34.421473,33.938656,CY
78,47.751044,8.732639,AT
79,46.652502,9.666195,AT
80,46.652502,11.533308,AT
81,47.751044,10.599752,AT
82,47.751044,12.466864,AT
83,46.652502,13.40042,AT
84,48.826877,13.40042,AT
85,46.652502,17.134645,AT
86,46.652502,15.267533,AT
87,47.751044,16.201089,AT
88,47.751044,14.333976,AT
89,47.751044,18.068201,AT
90,48.826877,17.134645,AT
91,48.826877,15.267533,AT
92,50.910837,2.197746,BE
93,51.919244,3.131302,BE
94,49.880099,3.131302,BE
95,50.910837,4.064858,BE
96,51.919244,4.998414,BE
97,50.910837,5.931971,BE
98,49.880099,4.998414,BE
99,49.880099,6.865527,BE
100,43.220122,27.403763,BG
101,44.387058,26.470207,BG
102,44.387058,24.603094,BG
103,43.220122,21.802426,BG
104,42.030417,22.735982,BG
105,44.387058,22.735982,BG
106,40.818022,23.669538,BG
107,43.220122,23.669538,BG
108,42.030417,24.603094,BG
109,40.818022,25.536651,BG
110,43.220122,25.536651,BG
111,42.030417,26.470207,BG
112,42.030417,28.337319,BG
113,44.387058,28.337319,BG
114,43.220122,29.270875,BG
115,46.652502,5.931971,CH
116,47.751044,6.865527,CH
117,45.531185,6.865527,CH
118,45.531185,8.732639,CH
119,46.652502,7.799083,CH
120,47.751044,8.732639,CH
121,46.652502,9.666195,CH
122,46.652502,11.533308,CH
123,47.751044,10.599752,CH
124,58.370419,20.86887,EE
125,57.512202,21.802426,EE
126,57.512202,23.669538,EE
127,58.370419,22.735982,EE
128,58.370419,24.603094,EE
129,59.208261,21.802426,EE
130,59.208261,23.669538,EE
131,60.026036,24.603094,EE
132,57.512202,27.403763,EE
133,57.512202,25.536651,EE
134,58.370419,26.470207,EE
135,59.208261,27.403763,EE
136,59.208261,25.536651,EE
137,60.026036,26.470207,EE
138,58.370419,28.337319,EE
139,34.421473,24.603094,EL
140,34.421473,26.470207,EL
141,35.744611,25.536651,EL
142,35.744611,23.669538,EL
143,35.744611,21.802426,EL
144,35.744611,27.403763,EL
145,35.744611,29.270875,EL
146,37.046118,24.603094,EL
147,37.046118,22.735982,EL
148,37.046118,20.86887,EL
149,37.046118,26.470207,EL
150,37.046118,28.337319,EL
151,38.325685,23.669538,EL
152,38.325685,21.802426,EL
153,38.325685,19.935313,EL
154,38.325685,25.536651,EL
155,38.325685,27.403763,EL
156,39.583057,19.001757,EL
157,40.818022,19.935313,EL
158,39.583057,20.86887,EL
159,40.818022,21.802426,EL
160,39.583057,22.735982,EL
161,42.030417,22.735982,EL
162,40.818022,23.669538,EL
163,39.583057,24.603094,EL
164,42.030417,24.603094,EL
165,40.818022,25.536651,EL
166,39.583057,26.470207,EL
167,42.030417,26.470207,EL
168,40.818022,27.403763,EL
169,27.495671,-17.406933,ES
170,28.920544,-16.473377,ES
171,28.920544,-18.340489,ES
172,30.326106,-13.672708,ES
173,28.920544,-14.606265,ES
174,27.495671,-15.539821,ES
175,27.495671,-13.672708,ES
176,28.920544,-12.739152,ES
177,39.583057,4.064858,ES
178,38.325685,3.131302,ES
179,43.220122,3.131302,ES
180,39.583057,2.197746,ES
181,42.030417,2.197746,ES
182,38.325685,1.26419,ES
183,38.325685,-0.602922,ES
184,40.818022,-0.602922,ES
185,39.583057,0.330633,ES
186,40.818022,1.26419,ES
187,42.030417,0.330633,ES
188,43.220122,1.26419,ES
189,43.220122,-0.602922,ES
190,37.046118,-1.536478,ES
191,39.583057,-1.536478,ES
192,42.030417,-1.536478,ES
193,35.744611,-2.470034,ES
194,38.325685,-2.470034,ES
195,40.818022,-2.470034,ES
196,43.220122,-2.470034,ES
197,34.421473,-3.40359,ES
198,35.744611,-4.337147,ES
199,37.046118,-3.40359,ES
200,37.046118,-5.270703,ES
201,38.325685,-4.337147,ES
202,39.583057,-3.40359,ES
203,39.583057,-5.270703,ES
204,40.818022,-4.337147,ES
205,42.030417,-3.40359,ES
206,42.030417,-5.270703,ES
207,43.220122,-4.337147,ES
208,44.387058,-7.137815,ES
209,43.220122,-6.204259,ES
210,43.220122,-8.071371,ES
211,43.220122,-9.938484,ES
212,42.030417,-7.137815,ES
213,42.030417,-9.004928,ES
214,40.818022,-6.204259,ES
215,39.583057,-7.137815,ES
216,38.325685,-6.204259,ES
217,38.325685,-8.071371,ES
218,37.046118,-7.137815,ES
219,35.744611,-6.204259,ES
220,42.030417,4.064858,ES
221,60.026036,20.86887,FI
222,60.824063,19.935313,FI
223,61.602667,20.86887,FI
224,60.026036,22.735982,FI
225,60.026036,24.603094,FI
226,60.824063,23.669538,FI
227,60.824063,21.802426,FI
228,61.602667,22.735982,FI
229,62.36218,23.669538,FI
230,62.36218,21.802426,FI
231,63.102941,22.735982,FI
232,63.825291,23.669538,FI
233,63.825291,21.802426,FI
234,64.529577,24.603094,FI
235,63.102941,24.603094,FI
236,61.602667,24.603094,FI
237,60.026036,19.001757,FI
238,63.102941,20.86887,FI
239,68.983093,19.935313,FI
240,68.395483,20.86887,FI
241,69.555426,20.86887,FI
242,60.026036,26.470207,FI
243,60.824063,27.403763,FI
244,60.824063,25.536651,FI
245,61.602667,26.470207,FI
246,62.36218,27.403763,FI
247,62.36218,25.536651,FI
248,63.102941,26.470207,FI
249,63.825291,25.536651,FI
250,64.529577,26.470207,FI
251,63.825291,27.403763,FI
252,61.602667,28.337319,FI
253,60.026036,28.337319,FI
254,60.824063,29.270875,FI
255,64.529577,28.337319,FI
256,65.216146,25.536651,FI
257,65.216146,23.669538,FI
258,65.216146,27.403763,FI
259,65.216146,29.270875,FI
260,65.885347,26.470207,FI
261,65.885347,24.603094,FI
262,65.885347,28.337319,FI
263,66.537531,25.536651,FI
264,66.537531,23.669538,FI
265,66.537531,27.403763,FI
266,66.537531,29.270875,FI
267,67.173049,26.470207,FI
268,67.173049,24.603094,FI
269,67.173049,22.735982,FI
270,67.173049,28.337319,FI
271,67.79225,25.536651,FI
272,67.79225,23.669538,FI
273,67.79225,27.403763,FI
274,67.79225,29.270875,FI
275,68.395483,26.470207,FI
276,68.395483,24.603094,FI
277,68.395483,22.735982,FI
278,68.395483,28.337319,FI
279,68.983093,25.536651,FI
280,68.983093,21.802426,FI
281,68.983093,23.669538,FI
282,68.983093,27.403763,FI
283,68.983093,29.270875,FI
284,63.825291,29.270875,FI
285,63.102941,28.337319,FI
286,62.36218,29.270875,FI
287,67.173049,30.204432,FI
288,65.885347,30.204432,FI
289,64.529577,30.204432,FI
290,63.102941,30.204432,FI
291,61.602667,30.204432,FI
292,63.825291,31.137988,FI
293,63.102941,32.071544,FI
294,62.36218,31.137988,FI
295,69.555426,26.470207,FI
296,69.555426,28.337319,FI
297,70.112824,25.536651,FI
298,70.112824,27.403763,FI
299,69.555426,30.204432,FI
300,1.127645,-53.815625,FR
301,2.743636,-52.882069,FR
302,2.743636,-54.749181,FR
303,4.357446,-51.948512,FR
304,4.357446,-53.815625,FR
305,5.9678,-52.882069,FR
306,5.9678,-54.749181,FR
307,13.924333,-61.284074,FR
308,15.488274,-60.350518,FR
309,15.488274,-62.21763,FR
310,17.040474,-61.284074,FR
311,17.040474,-63.151187,FR
312,18.579892,-62.21763,FR
313,43.220122,3.131302,FR
314,42.030417,2.197746,FR
315,44.387058,2.197746,FR
316,42.030417,0.330633,FR
317,43.220122,1.26419,FR
318,43.220122,-0.602922,FR
319,44.387058,0.330633,FR
320,45.531185,-0.602922,FR
321,44.387058,-1.536478,FR
322,43.220122,-2.470034,FR
323,48.826877,-5.270703,FR
324,47.751044,-4.337147,FR
325,46.652502,-3.40359,FR
326,48.826877,-3.40359,FR
327,47.751044,-2.470034,FR
328,49.880099,-2.470034,FR
329,48.826877,-1.536478,FR
330,46.652502,-1.536478,FR
331,49.880099,-0.602922,FR
332,47.751044,-0.602922,FR
333,48.826877,0.330633,FR
334,46.652502,0.330633,FR
335,49.880099,1.26419,FR
336,47.751044,1.26419,FR
337,45.531185,1.26419,FR
338,50.910837,2.197746,FR
339,48.826877,2.197746,FR
340,46.652502,2.197746,FR
341,49.880099,3.131302,FR
342,47.751044,3.131302,FR
343,45.531185,3.131302,FR
344,50.910837,4.064858,FR
345,49.880099,4.998414,FR
346,48.826877,5.931971,FR
347,47.751044,4.998414,FR
348,48.826877,4.064858,FR
349,46.652502,4.064858,FR
350,46.652502,5.931971,FR
351,45.531185,4.998414,FR
352,44.387058,4.064858,FR
353,44.387058,5.931971,FR
354,43.220122,4.998414,FR
355,42.030417,4.064858,FR
356,49.880099,6.865527,FR
357,47.751044,6.865527,FR
358,45.531185,6.865527,FR
359,43.220122,6.865527,FR
360,40.818022,8.732639,FR
361,42.030417,7.799083,FR
362,43.220122,8.732639,FR
363,44.387058,7.799083,FR
364,46.652502,7.799083,FR
365,48.826877,7.799083,FR
366,42.030417,9.666195,FR
367,-11.725312,45.141331,FR
368,-13.303807,44.207774,FR
369,-13.303807,46.074887,FR
370,-21.021672,54.476893,FR
371,-21.021672,56.344005,FR
372,44.387058,13.40042,HR
373,45.531185,12.466864,HR
374,45.531185,19.935313,HR
375,42.030417,17.134645,HR
376,43.220122,16.201089,HR
377,44.387058,17.134645,HR
378,44.387058,15.267533,HR
379,45.531185,16.201089,HR
380,45.531185,14.333976,HR
381,46.652502,17.134645,HR
382,46.652502,15.267533,HR
383,46.652502,19.001757,HR
384,43.220122,18.068201,HR
385,45.531185,18.068201,HR
386,42.030417,19.001757,HR
387,44.387058,19.001757,HR
388,45.531185,19.935313,HU
389,46.652502,20.86887,HU
390,47.751044,19.935313,HU
391,48.826877,20.86887,HU
392,46.652502,17.134645,HU
393,46.652502,15.267533,HU
394,46.652502,19.001757,HU
395,47.751044,23.669538,HU
396,47.751044,21.802426,HU
397,47.751044,16.201089,HU
398,47.751044,18.068201,HU
399,48.826877,22.735982,HU
400,48.826877,19.001757,HU
401,45.531185,18.068201,HU
402,52.905499,-10.87204,IE
403,51.919244,-9.938484,IE
404,53.869803,-9.938484,IE
405,50.910837,-9.004928,IE
406,52.905499,-9.004928,IE
407,51.919244,-8.071371,IE
408,53.869803,-8.071371,IE
409,52.905499,-7.137815,IE
410,51.919244,-6.204259,IE
411,53.869803,-6.204259,IE
412,52.905499,-5.270703,IE
413,54.812376,-9.004928,IE
414,55.733459,-8.071371,IE
415,54.812376,-7.137815,IE
416,63.102941,-18.340489,IS
417,63.102941,-20.207602,IS
418,63.825291,-15.539821,IS
419,63.825291,-17.406933,IS
420,63.825291,-19.274046,IS
421,63.825291,-21.141158,IS
422,63.825291,-23.00827,IS
423,64.529577,-16.473377,IS
424,64.529577,-18.340489,IS
425,64.529577,-20.207602,IS
426,64.529577,-22.074714,IS
427,64.529577,-23.941827,IS
428,64.529577,-14.606265,IS
429,65.216146,-15.539821,IS
430,65.216146,-17.406933,IS
431,65.216146,-19.274046,IS
432,65.216146,-21.141158,IS
433,65.216146,-23.00827,IS
434,65.216146,-24.875383,IS
435,65.216146,-13.672708,IS
436,65.885347,-16.473377,IS
437,65.885347,-20.207602,IS
438,65.885347,-18.340489,IS
439,65.885347,-22.074714,IS
440,65.885347,-23.941827,IS
441,65.885347,-14.606265,IS
442,66.537531,-15.539821,IS
443,66.537531,-17.406933,IS
444,66.537531,-19.274046,IS
445,66.537531,-21.141158,IS
446,66.537531,-23.00827,IS
447,66.537531,-13.672708,IS
448,44.387058,5.931971,IT
449,45.531185,6.865527,IT
450,43.220122,6.865527,IT
451,38.325685,8.732639,IT
452,39.583057,9.666195,IT
453,39.583057,7.799083,IT
454,40.818022,8.732639,IT
455,44.387058,7.799083,IT
456,45.531185,8.732639,IT
457,46.652502,7.799083,IT
458,46.652502,9.666195,IT
459,44.387058,9.666195,IT
460,42.030417,9.666195,IT
461,45.531185,10.599752,IT
462,46.652502,11.533308,IT
463,44.387058,11.533308,IT
464,43.220122,10.599752,IT
465,42.030417,11.533308,IT
466,40.818022,10.599752,IT
467,37.046118,11.533308,IT
468,47.751044,12.466864,IT
469,46.652502,13.40042,IT
470,44.387058,13.40042,IT
471,45.531185,12.466864,IT
472,43.220122,12.466864,IT
473,42.030417,13.40042,IT
474,40.818022,12.466864,IT
475,38.325685,12.466864,IT
476,37.046118,13.40042,IT
477,35.744611,12.466864,IT
478,40.818022,14.333976,IT
479,42.030417,17.134645,IT
480,42.030417,15.267533,IT
481,43.220122,14.333976,IT
482,45.531185,14.333976,IT
483,40.818022,16.201089,IT
484,39.583057,15.267533,IT
485,39.583057,17.134645,IT
486,38.325685,14.333976,IT
487,38.325685,16.201089,IT
488,37.046118,15.267533,IT
489,40.818022,18.068201,IT
490,39.583057,19.001757,IT
491,54.812376,20.86887,LT
492,56.63331,20.86887,LT
493,53.869803,23.669538,LT
494,54.812376,22.735982,LT
495,54.812376,24.603094,LT
496,55.733459,21.802426,LT
497,55.733459,23.669538,LT
498,56.63331,22.735982,LT
499,56.63331,24.603094,LT
500,55.733459,25.536651,LT
501,55.733459,27.403763,LT
502,54.812376,26.470207,LT
503,53.869803,25.536651,LT
504,49.880099,4.998414,LU
505,48.826877,5.931971,LU
506,49.880099,6.865527,LU
507,51.919244,3.131302,NL
508,52.905499,4.064858,NL
509,50.910837,4.064858,NL
510,51.919244,4.998414,NL
511,50.910837,5.931971,NL
512,51.919244,6.865527,NL
513,53.869803,6.865527,NL
514,52.905499,5.931971,NL
515,53.869803,4.998414,NL
516,52.905499,7.799083,NL
517,57.512202,6.865527,NO
518,58.370419,7.799083,NO
519,58.370419,5.931971,NO
520,58.370419,9.666195,NO
521,58.370419,11.533308,NO
522,60.026036,4.064858,NO
523,61.602667,4.064858,NO
524,59.208261,4.998414,NO
525,60.824063,4.998414,NO
526,62.36218,4.998414,NO
527,60.026036,5.931971,NO
528,61.602667,5.931971,NO
529,63.102941,5.931971,NO
530,59.208261,6.865527,NO
531,60.824063,6.865527,NO
532,62.36218,6.865527,NO
533,60.026036,7.799083,NO
534,61.602667,7.799083,NO
535,63.102941,7.799083,NO
536,59.208261,8.732639,NO
537,60.824063,8.732639,NO
538,62.36218,8.732639,NO
539,63.825291,8.732639,NO
540,60.026036,9.666195,NO
541,61.602667,9.666195,NO
542,63.102941,9.666195,NO
543,59.208261,10.599752,NO
544,60.824063,10.599752,NO
545,62.36218,10.599752,NO
546,63.825291,10.599752,NO
547,60.026036,11.533308,NO
548,61.602667,11.533308,NO
549,63.102941,11.533308,NO
550,59.208261,12.466864,NO
551,60.824063,12.466864,NO
552,62.36218,12.466864,NO
553,63.825291,12.466864,NO
554,60.026036,13.40042,NO
555,61.602667,13.40042,NO
556,64.529577,9.666195,NO
557,64.529577,11.533308,NO
558,65.216146,10.599752,NO
559,65.216146,12.466864,NO
560,64.529577,13.40042,NO
561,63.825291,14.333976,NO
562,65.216146,14.333976,NO
563,65.885347,11.533308,NO
564,65.885347,13.40042,NO
565,65.885347,15.267533,NO
566,66.537531,12.466864,NO
567,66.537531,14.333976,NO
568,66.537531,16.201089,NO
569,67.173049,11.533308,NO
570,67.173049,13.40042,NO
571,67.173049,15.267533,NO
572,67.173049,17.134645,NO
573,68.983093,14.333976,NO
574,69.555426,17.134645,NO
575,69.555426,15.267533,NO
576,68.983093,16.201089,NO
577,68.983093,18.068201,NO
578,68.983093,19.935313,NO
579,68.395483,13.40042,NO
580,68.395483,15.267533,NO
581,68.395483,17.134645,NO
582,68.395483,19.001757,NO
583,68.395483,20.86887,NO
584,67.79225,12.466864,NO
585,67.79225,14.333976,NO
586,67.79225,16.201089,NO
587,67.79225,18.068201,NO
588,69.555426,20.86887,NO
589,69.555426,19.001757,NO
590,68.395483,24.603094,NO
591,68.395483,22.735982,NO
592,68.983093,25.536651,NO
593,68.983093,21.802426,NO
594,68.983093,23.669538,NO
595,68.983093,29.270875,NO
596,69.555426,26.470207,NO
597,69.555426,24.603094,NO
598,69.555426,22.735982,NO
599,69.555426,28.337319,NO
600,70.112824,25.536651,NO
601,70.112824,19.935313,NO
602,70.112824,18.068201,NO
603,70.112824,21.802426,NO
604,70.112824,23.669538,NO
605,70.112824,27.403763,NO
606,70.112824,29.270875,NO
607,70.655623,26.470207,NO
608,70.655623,24.603094,NO
609,70.655623,20.86887,NO
610,70.655623,22.735982,NO
611,70.655623,28.337319,NO
612,71.18416,25.536651,NO
613,71.18416,23.669538,NO
614,71.18416,27.403763,NO
615,71.18416,29.270875,NO
616,70.655623,30.204432,NO
617,70.112824,31.137988,NO
618,69.555426,30.204432,NO
619,56.63331,20.86887,LV
620,55.733459,21.802426,LV
621,55.733459,23.669538,LV
622,56.63331,22.735982,LV
623,56.63331,24.603094,LV
624,57.512202,21.802426,LV
625,57.512202,23.669538,LV
626,58.370419,24.603094,LV
627,55.733459,25.536651,LV
628,55.733459,27.403763,LV
629,56.63331,26.470207,LV
630,57.512202,27.403763,LV
631,57.512202,25.536651,LV
632,58.370419,26.470207,LV
633,56.63331,28.337319,LV
634,43.220122,18.068201,ME
635,42.030417,19.001757,ME
636,43.220122,19.935313,ME
637,42.030417,20.86887,ME
638,35.744611,14.333976,MT
639,40.818022,19.935313,MK
640,42.030417,20.86887,MK
641,40.818022,21.802426,MK
642,42.030417,22.735982,MK
643,40.818022,23.669538,MK
644,47.751044,8.732639,LI
645,46.652502,9.666195,LI
646,52.905499,13.40042,PL
647,48.826877,20.86887,PL
648,49.880099,19.935313,PL
649,50.910837,20.86887,PL
650,51.919244,19.935313,PL
651,52.905499,20.86887,PL
652,53.869803,19.935313,PL
653,54.812376,20.86887,PL
654,48.826877,22.735982,PL
655,48.826877,19.001757,PL
656,52.905499,22.735982,PL
657,52.905499,24.603094,PL
658,53.869803,21.802426,PL
659,53.869803,23.669538,PL
660,54.812376,22.735982,PL
661,53.869803,18.068201,PL
662,53.869803,14.333976,PL
663,53.869803,16.201089,PL
664,54.812376,19.001757,PL
665,54.812376,17.134645,PL
666,49.880099,23.669538,PL
667,49.880099,21.802426,PL
668,49.880099,16.201089,PL
669,49.880099,18.068201,PL
670,50.910837,24.603094,PL
671,50.910837,22.735982,PL
672,50.910837,17.134645,PL
673,50.910837,15.267533,PL
674,50.910837,19.001757,PL
675,51.919244,23.669538,PL
676,51.919244,21.802426,PL
677,51.919244,16.201089,PL
678,51.919244,14.333976,PL
679,51.919244,18.068201,PL
680,52.905499,15.267533,PL
681,52.905499,17.134645,PL
682,52.905499,19.001757,PL
683,46.652502,13.40042,SI
684,45.531185,16.201089,SI
685,45.531185,14.333976,SI
686,46.652502,17.134645,SI
687,46.652502,15.267533,SI
688,47.751044,19.935313,SK
689,48.826877,20.86887,SK
690,49.880099,19.935313,SK
691,47.751044,21.802426,SK
692,47.751044,16.201089,SK
693,47.751044,18.068201,SK
694,48.826877,22.735982,SK
695,48.826877,17.134645,SK
696,48.826877,19.001757,SK
697,49.880099,21.802426,SK
698,49.880099,18.068201,SK
699,35.744611,29.270875,TR
700,37.046118,26.470207,TR
701,37.046118,28.337319,TR
702,37.046118,30.204432,TR
703,38.325685,25.536651,TR
704,38.325685,27.403763,TR
705,38.325685,29.270875,TR
706,38.325685,31.137988,TR
707,35.744611,31.137988,TR
708,38.325685,33.0051,TR
709,37.046118,32.071544,TR
710,35.744611,33.0051,TR
711,38.325685,34.872213,TR
712,37.046118,33.938656,TR
713,37.046118,35.805769,TR
714,35.744611,34.872213,TR
715,38.325685,36.739325,TR
716,35.744611,36.739325,TR
717,37.046118,37.672881,TR
718,38.325685,38.606437,TR
719,38.325685,40.47355,TR
720,37.046118,39.539994,TR
721,37.046118,41.407106,TR
722,38.325685,42.340662,TR
723,38.325685,44.207774,TR
724,37.046118,43.274218,TR
725,37.046118,45.141331,TR
726,40.818022,25.536651,TR
727,39.583057,26.470207,TR
728,42.030417,26.470207,TR
729,40.818022,27.403763,TR
730,39.583057,28.337319,TR
731,42.030417,28.337319,TR
732,40.818022,29.270875,TR
733,39.583057,30.204432,TR
734,40.818022,31.137988,TR
735,42.030417,32.071544,TR
736,39.583057,32.071544,TR
737,40.818022,33.0051,TR
738,42.030417,33.938656,TR
739,39.583057,33.938656,TR
740,40.818022,34.872213,TR
741,42.030417,35.805769,TR
742,39.583057,35.805769,TR
743,40.818022,36.739325,TR
744,39.583057,37.672881,TR
745,40.818022,38.606437,TR
746,39.583057,39.539994,TR
747,40.818022,40.47355,TR
748,42.030417,41.407106,TR
749,39.583057,41.407106,TR
750,40.818022,42.340662,TR
751,42.030417,43.274218,TR
752,39.583057,43.274218,TR
753,40.818022,44.207774,TR
754,39.583057,45.141331,TR
755,53.869803,-8.071371,UK
756,51.919244,-6.204259,UK
757,53.869803,-6.204259,UK
758,50.910837,-5.270703,UK
759,52.905499,-5.270703,UK
760,49.880099,-4.337147,UK
761,51.919244,-4.337147,UK
762,53.869803,-4.337147,UK
763,50.910837,-3.40359,UK
764,52.905499,-3.40359,UK
765,49.880099,-2.470034,UK
766,51.919244,-2.470034,UK
767,53.869803,-2.470034,UK
768,52.905499,-1.536478,UK
769,50.910837,-1.536478,UK
770,53.869803,-0.602922,UK
771,51.919244,-0.602922,UK
772,49.880099,-6.204259,UK
773,54.812376,-9.004928,UK
774,58.370419,-9.004928,UK
775,57.512202,-8.071371,UK
776,54.812376,-7.137815,UK
777,56.63331,-7.137815,UK
778,58.370419,-7.137815,UK
779,55.733459,-6.204259,UK
780,57.512202,-6.204259,UK
781,59.208261,-6.204259,UK
782,54.812376,-5.270703,UK
783,56.63331,-5.270703,UK
784,58.370419,-5.270703,UK
785,55.733459,-4.337147,UK
786,57.512202,-4.337147,UK
787,59.208261,-4.337147,UK
788,54.812376,-3.40359,UK
789,56.63331,-3.40359,UK
790,58.370419,-3.40359,UK
791,55.733459,-2.470034,UK
792,57.512202,-2.470034,UK
793,59.208261,-2.470034,UK
794,60.824063,-2.470034,UK
795,54.812376,-1.536478,UK
796,56.63331,-1.536478,UK
797,60.026036,-1.536478,UK
798,60.824063,-0.602922,UK
799,55.733459,-0.602922,UK
800,54.812376,0.330633,UK
801,52.905499,0.330633,UK
802,50.910837,0.330633,UK
803,51.919244,1.26419,UK
804,52.905499,2.197746,UK
805,50.910837,2.197746,UK
806,44.387058,20.86887,RS
807,45.531185,19.935313,RS
808,46.652502,20.86887,RS
809,45.531185,21.802426,RS
810,46.652502,19.001757,RS
811,45.531185,18.068201,RS
812,44.387058,19.001757,RS
813,43.220122,19.935313,RS
814,42.030417,20.86887,RS
815,43.220122,21.802426,RS
816,42.030417,22.735982,RS
817,44.387058,22.735982,RS
818,43.220122,23.669538,RS
819,56.63331,11.533308,SE
820,57.512202,10.599752,SE
821,58.370419,11.533308,SE
822,57.512202,12.466864,SE
823,55.733459,12.466864,SE
824,58.370419,13.40042,SE
825,56.63331,13.40042,SE
826,54.812376,13.40042,SE
827,59.208261,10.599752,SE
828,60.026036,11.533308,SE
829,61.602667,11.533308,SE
830,63.102941,11.533308,SE
831,59.208261,12.466864,SE
832,60.824063,12.466864,SE
833,62.36218,12.466864,SE
834,63.825291,12.466864,SE
835,60.026036,13.40042,SE
836,61.602667,13.40042,SE
837,63.102941,13.40042,SE
838,64.529577,13.40042,SE
839,57.512202,19.935313,SE
840,59.208261,19.935313,SE
841,63.825291,21.802426,SE
842,55.733459,14.333976,SE
843,55.733459,16.201089,SE
844,56.63331,19.001757,SE
845,56.63331,17.134645,SE
846,56.63331,15.267533,SE
847,57.512202,18.068201,SE
848,57.512202,14.333976,SE
849,57.512202,16.201089,SE
850,58.370419,19.001757,SE
851,58.370419,15.267533,SE
852,58.370419,17.134645,SE
853,59.208261,18.068201,SE
854,59.208261,14.333976,SE
855,59.208261,16.201089,SE
856,60.026036,19.001757,SE
857,60.026036,15.267533,SE
858,60.026036,17.134645,SE
859,60.824063,18.068201,SE
860,60.824063,14.333976,SE
861,60.824063,16.201089,SE
862,61.602667,15.267533,SE
863,61.602667,17.134645,SE
864,62.36218,18.068201,SE
865,62.36218,14.333976,SE
866,62.36218,16.201089,SE
867,63.102941,15.267533,SE
868,63.102941,17.134645,SE
869,63.102941,19.001757,SE
870,63.825291,19.935313,SE
871,63.825291,16.201089,SE
872,63.825291,14.333976,SE
873,63.825291,18.068201,SE
874,64.529577,20.86887,SE
875,64.529577,19.001757,SE
876,64.529577,15.267533,SE
877,64.529577,17.134645,SE
878,65.216146,14.333976,SE
879,65.216146,16.201089,SE
880,65.216146,18.068201,SE
881,65.216146,19.935313,SE
882,65.885347,15.267533,SE
883,65.885347,17.134645,SE
884,65.885347,20.86887,SE
885,65.885347,19.001757,SE
886,66.537531,14.333976,SE
887,66.537531,16.201089,SE
888,66.537531,18.068201,SE
889,66.537531,19.935313,SE
890,67.173049,15.267533,SE
891,67.173049,17.134645,SE
892,67.173049,19.001757,SE
893,67.173049,20.86887,SE
894,68.983093,19.935313,SE
895,68.395483,17.134645,SE
896,68.395483,19.001757,SE
897,68.395483,20.86887,SE
898,67.79225,16.201089,SE
899,67.79225,18.068201,SE
900,67.79225,19.935313,SE
901,65.216146,21.802426,SE
902,65.216146,23.669538,SE
903,65.885347,24.603094,SE
904,65.885347,22.735982,SE
905,66.537531,21.802426,SE
906,66.537531,23.669538,SE
907,67.173049,24.603094,SE
908,67.173049,22.735982,SE
909,67.79225,21.802426,SE
910,67.79225,23.669538,SE
911,68.395483,22.735982,SE
912,68.983093,21.802426,SE
913,31.711784,-16.473377,PT
914,33.077061,-17.406933,PT
915,37.046118,-25.808939,PT
916,38.325685,-24.875383,PT
917,38.325685,-26.742495,PT
918,38.325685,-28.609608,PT
919,39.583057,-27.676051,PT
920,39.583057,-31.410276,PT
921,33.077061,-15.539821,PT
922,30.326106,-15.539821,PT
923,42.030417,-7.137815,PT
924,42.030417,-9.004928,PT
925,40.818022,-6.204259,PT
926,40.818022,-8.071371,PT
927,39.583057,-7.137815,PT
928,39.583057,-9.004928,PT
929,38.325685,-6.204259,PT
930,38.325685,-8.071371,PT
931,38.325685,-9.938484,PT
932,37.046118,-7.137815,PT
933,37.046118,-9.004928,PT
934,44.387058,20.86887,RO
935,45.531185,19.935313,RO
936,46.652502,20.86887,RO
937,43.220122,27.403763,RO
938,44.387058,26.470207,RO
939,44.387058,24.603094,RO
940,45.531185,27.403763,RO
941,45.531185,25.536651,RO
942,45.531185,23.669538,RO
943,45.531185,21.802426,RO
944,46.652502,26.470207,RO
945,46.652502,24.603094,RO
946,46.652502,22.735982,RO
947,47.751044,27.403763,RO
948,47.751044,25.536651,RO
949,47.751044,23.669538,RO
950,47.751044,21.802426,RO
951,48.826877,26.470207,RO
952,46.652502,28.337319,RO
953,44.387058,22.735982,RO
954,43.220122,23.669538,RO
955,43.220122,25.536651,RO
956,44.387058,28.337319,RO
957,43.220122,29.270875,RO
958,45.531185,29.270875,RO
959,44.387058,30.204432,RO
