latitude,longitude
36.64156961380597,14.644731449384908
36.64156961380597,14.80310794867202
36.64156961380597,14.961484447959132
36.64156961380597,15.119860947246243
36.76871702070294,14.486354950097796
36.76871702070294,14.644731449384908
36.76871702070294,14.80310794867202
36.76871702070294,14.961484447959132
36.76871702070294,15.119860947246243
36.8958644275999,14.327978450810685
36.8958644275999,14.486354950097796
36.8958644275999,14.644731449384908
36.8958644275999,14.80310794867202
36.8958644275999,14.961484447959132
36.8958644275999,15.119860947246243
36.8958644275999,15.278237446533355
37.02301183449687,13.85284895294935
37.02301183449687,14.011225452236461
37.02301183449687,14.169601951523573
37.02301183449687,14.327978450810685
37.02301183449687,14.486354950097796
37.02301183449687,14.644731449384908
37.02301183449687,14.80310794867202
37.02301183449687,14.961484447959132
37.02301183449687,15.119860947246243
37.02301183449687,15.278237446533355
37.15015924139384,13.536095954375126
37.15015924139384,13.694472453662238
37.15015924139384,13.85284895294935
37.15015924139384,14.011225452236461
37.15015924139384,14.169601951523573
37.15015924139384,14.327978450810685
37.15015924139384,14.486354950097796
37.15015924139384,14.644731449384908
37.15015924139384,14.80310794867202
37.15015924139384,14.961484447959132
37.15015924139384,15.119860947246243
37.15015924139384,15.278237446533355
37.2773066482908,13.377719455088014
37.2773066482908,13.536095954375126
37.2773066482908,13.694472453662238
37.2773066482908,13.85284895294935
37.2773066482908,14.011225452236461
37.2773066482908,14.169601951523573
37.2773066482908,14.327978450810685
37.2773066482908,14.486354950097796
37.2773066482908,14.644731449384908
37.2773066482908,14.80310794867202
37.2773066482908,14.961484447959132
37.2773066482908,15.119860947246243
37.40445405518777,13.06096645651379
37.40445405518777,13.219342955800903
37.40445405518777,13.377719455088014
37.40445405518777,13.536095954375126
37.40445405518777,13.694472453662238
37.40445405518777,13.85284895294935
37.40445405518777,14.011225452236461
37.40445405518777,14.169601951523573
37.40445405518777,14.327978450810685
37.40445405518777,14.486354950097796
37.40445405518777,14.644731449384908
37.40445405518777,14.80310794867202
37.40445405518777,14.961484447959132
37.40445405518777,15.119860947246243
37.53160146208474,12.585836958652456
37.53160146208474,12.744213457939567
37.53160146208474,12.90258995722668
37.53160146208474,13.06096645651379
37.53160146208474,13.219342955800903
37.53160146208474,13.377719455088014
37.53160146208474,13.536095954375126
37.53160146208474,13.694472453662238
37.53160146208474,13.85284895294935
37.53160146208474,14.011225452236461
37.53160146208474,14.169601951523573
37.53160146208474,14.327978450810685
37.53160146208474,14.486354950097796
37.53160146208474,14.644731449384908
37.53160146208474,14.80310794867202
37.53160146208474,14.961484447959132
37.53160146208474,15.119860947246243
37.53160146208474,15.278237446533355
37.658748868981704,12.427460459365344
37.658748868981704,12.585836958652456
37.658748868981704,12.744213457939567
37.658748868981704,12.90258995722668
37.658748868981704,13.06096645651379
37.658748868981704,13.219342955800903
37.658748868981704,13.377719455088014
37.658748868981704,13.536095954375126
37.658748868981704,13.694472453662238
37.658748868981704,13.85284895294935
37.658748868981704,14.011225452236461
37.658748868981704,14.169601951523573
37.658748868981704,14.327978450810685
37.658748868981704,14.486354950097796
37.658748868981704,14.644731449384908
37.658748868981704,14.80310794867202
37.658748868981704,14.961484447959132
37.658748868981704,15.119860947246243
37.658748868981704,15.278237446533355
37.78589627587867,12.427460459365344
37.78589627587867,12.585836958652456
37.78589627587867,12.744213457939567
37.78589627587867,12.90258995722668
37.78589627587867,13.06096645651379
37.78589627587867,13.219342955800903
37.78589627587867,13.377719455088014
37.78589627587867,13.536095954375126
37.78589627587867,13.694472453662238
37.78589627587867,13.85284895294935
37.78589627587867,14.011225452236461
37.78589627587867,14.169601951523573
37.78589627587867,14.327978450810685
37.78589627587867,14.486354950097796
37.78589627587867,14.644731449384908
37.78589627587867,14.80310794867202
37.78589627587867,14.961484447959132
37.78589627587867,15.119860947246243
37.78589627587867,15.278237446533355
37.91304368277564,12.427460459365344
37.91304368277564,12.585836958652456
37.91304368277564,12.744213457939567
37.91304368277564,12.90258995722668
37.91304368277564,13.06096645651379
37.91304368277564,13.219342955800903
37.91304368277564,13.377719455088014
37.91304368277564,13.536095954375126
37.91304368277564,13.694472453662238
37.91304368277564,13.85284895294935
37.91304368277564,14.011225452236461
37.91304368277564,14.169601951523573
37.91304368277564,14.327978450810685
37.91304368277564,14.486354950097796
37.91304368277564,14.644731449384908
37.91304368277564,14.80310794867202
37.91304368277564,14.961484447959132
37.91304368277564,15.119860947246243
37.91304368277564,15.278237446533355
37.91304368277564,15.436613945820467
37.91304368277564,15.594990445107578
37.91304368277564,15.75336694439469
37.91304368277564,15.911743443681802
37.91304368277564,16.070119942968912
38.040191089672604,12.427460459365344
38.040191089672604,12.585836958652456
38.040191089672604,12.744213457939567
38.040191089672604,12.90258995722668
38.040191089672604,13.06096645651379
38.040191089672604,13.219342955800903
38.040191089672604,13.377719455088014
38.040191089672604,13.536095954375126
38.040191089672604,13.694472453662238
38.040191089672604,13.85284895294935
38.040191089672604,14.011225452236461
38.040191089672604,14.169601951523573
38.040191089672604,14.327978450810685
38.040191089672604,14.486354950097796
38.040191089672604,14.644731449384908
38.040191089672604,14.80310794867202
38.040191089672604,14.961484447959132
38.040191089672604,15.119860947246243
38.040191089672604,15.278237446533355
38.040191089672604,15.436613945820467
38.040191089672604,15.594990445107578
38.040191089672604,15.75336694439469
38.040191089672604,15.911743443681802
38.040191089672604,16.070119942968912
38.040191089672604,16.228496442256024
38.16733849656957,12.585836958652456
38.16733849656957,12.744213457939567
38.16733849656957,13.06096645651379
38.16733849656957,13.219342955800903
38.16733849656957,13.377719455088014
38.16733849656957,13.536095954375126
38.16733849656957,14.644731449384908
38.16733849656957,14.80310794867202
38.16733849656957,14.961484447959132
38.16733849656957,15.119860947246243
38.16733849656957,15.278237446533355
38.16733849656957,15.436613945820467
38.16733849656957,15.594990445107578
38.16733849656957,15.75336694439469
38.16733849656957,15.911743443681802
38.16733849656957,16.070119942968912
38.16733849656957,16.228496442256024
38.29448590346654,13.06096645651379
38.29448590346654,13.219342955800903
38.29448590346654,13.377719455088014
38.29448590346654,15.278237446533355
38.29448590346654,15.436613945820467
38.29448590346654,15.594990445107578
38.29448590346654,15.75336694439469
38.29448590346654,15.911743443681802
38.29448590346654,16.070119942968912
38.29448590346654,16.228496442256024
38.29448590346654,16.386872941543135
38.29448590346654,16.545249440830247
38.421633310363504,15.75336694439469
38.421633310363504,15.911743443681802
38.421633310363504,16.070119942968912
38.421633310363504,16.228496442256024
38.421633310363504,16.386872941543135
38.421633310363504,16.545249440830247
38.54878071726047,15.75336694439469
38.54878071726047,15.911743443681802
38.54878071726047,16.070119942968912
38.54878071726047,16.228496442256024
38.54878071726047,16.386872941543135
38.54878071726047,16.545249440830247
38.67592812415744,15.75336694439469
38.67592812415744,15.911743443681802
38.67592812415744,16.070119942968912
38.67592812415744,16.228496442256024
38.67592812415744,16.386872941543135
38.67592812415744,16.545249440830247
38.803075531054404,8.626424476474662
38.803075531054404,8.784800975761774
38.803075531054404,8.943177475048886
38.803075531054404,15.911743443681802
38.803075531054404,16.070119942968912
38.803075531054404,16.228496442256024
38.803075531054404,16.386872941543135
38.803075531054404,16.545249440830247
38.803075531054404,16.70362594011736
38.803075531054404,16.86200243940447
38.93022293795137,8.309671477900439
38.93022293795137,8.46804797718755
38.93022293795137,8.626424476474662
38.93022293795137,8.784800975761774
38.93022293795137,8.943177475048886
38.93022293795137,9.101553974335998
38.93022293795137,16.070119942968912
38.93022293795137,16.228496442256024
38.93022293795137,16.386872941543135
38.93022293795137,16.545249440830247
38.93022293795137,16.70362594011736
38.93022293795137,16.86200243940447
38.93022293795137,17.020378938691582
38.93022293795137,17.178755437978694
39.05737034484834,8.309671477900439
39.05737034484834,8.46804797718755
39.05737034484834,8.626424476474662
39.05737034484834,8.784800975761774
39.05737034484834,8.943177475048886
39.05737034484834,9.101553974335998
39.05737034484834,9.418306972910221
39.05737034484834,9.576683472197333
39.05737034484834,16.070119942968912
39.05737034484834,16.228496442256024
39.05737034484834,16.386872941543135
39.05737034484834,16.545249440830247
39.05737034484834,16.70362594011736
39.05737034484834,16.86200243940447
39.05737034484834,17.020378938691582
39.05737034484834,17.178755437978694
39.184517751745304,8.309671477900439
39.184517751745304,8.46804797718755
39.184517751745304,8.626424476474662
39.184517751745304,8.784800975761774
39.184517751745304,8.943177475048886
39.184517751745304,9.101553974335998
39.184517751745304,9.25993047362311
39.184517751745304,9.418306972910221
39.184517751745304,9.576683472197333
39.184517751745304,16.070119942968912
39.184517751745304,16.228496442256024
39.184517751745304,16.386872941543135
39.184517751745304,16.545249440830247
39.184517751745304,16.70362594011736
39.184517751745304,16.86200243940447
39.184517751745304,17.020378938691582
39.184517751745304,17.178755437978694
39.31166515864227,8.309671477900439
39.31166515864227,8.46804797718755
39.31166515864227,8.626424476474662
39.31166515864227,8.784800975761774
39.31166515864227,8.943177475048886
39.31166515864227,9.101553974335998
39.31166515864227,9.25993047362311
39.31166515864227,9.418306972910221
39.31166515864227,9.576683472197333
39.31166515864227,16.070119942968912
39.31166515864227,16.228496442256024
39.31166515864227,16.386872941543135
39.31166515864227,16.545249440830247
39.31166515864227,16.70362594011736
39.31166515864227,16.86200243940447
39.31166515864227,17.020378938691582
39.31166515864227,17.178755437978694
39.43881256553924,8.309671477900439
39.43881256553924,8.46804797718755
39.43881256553924,8.626424476474662
39.43881256553924,8.784800975761774
39.43881256553924,8.943177475048886
39.43881256553924,9.101553974335998
39.43881256553924,9.25993047362311
39.43881256553924,9.418306972910221
39.43881256553924,9.576683472197333
39.43881256553924,9.735059971484445
39.43881256553924,15.911743443681802
39.43881256553924,16.070119942968912
39.43881256553924,16.228496442256024
39.43881256553924,16.386872941543135
39.43881256553924,16.545249440830247
39.43881256553924,16.70362594011736
39.43881256553924,16.86200243940447
39.43881256553924,17.020378938691582
39.43881256553924,17.178755437978694
39.565959972436204,8.309671477900439
39.565959972436204,8.46804797718755
39.565959972436204,8.626424476474662
39.565959972436204,8.784800975761774
39.565959972436204,8.943177475048886
39.565959972436204,9.101553974335998
39.565959972436204,9.25993047362311
39.565959972436204,9.418306972910221
39.565959972436204,9.576683472197333
39.565959972436204,9.735059971484445
39.565959972436204,15.75336694439469
39.565959972436204,15.911743443681802
39.565959972436204,16.070119942968912
39.565959972436204,16.228496442256024
39.565959972436204,16.386872941543135
39.565959972436204,16.545249440830247
39.565959972436204,16.70362594011736
39.565959972436204,16.86200243940447
39.565959972436204,17.020378938691582
39.69310737933317,8.46804797718755
39.69310737933317,8.626424476474662
39.69310737933317,8.784800975761774
39.69310737933317,8.943177475048886
39.69310737933317,9.101553974335998
39.69310737933317,9.25993047362311
39.69310737933317,9.418306972910221
39.69310737933317,9.576683472197333
39.69310737933317,9.735059971484445
39.69310737933317,15.75336694439469
39.69310737933317,15.911743443681802
39.69310737933317,16.070119942968912
39.69310737933317,16.228496442256024
39.69310737933317,16.386872941543135
39.69310737933317,16.545249440830247
39.69310737933317,16.70362594011736
39.69310737933317,18.287390932988476
39.82025478623014,8.309671477900439
39.82025478623014,8.46804797718755
39.82025478623014,8.626424476474662
39.82025478623014,8.784800975761774
39.82025478623014,8.943177475048886
39.82025478623014,9.101553974335998
39.82025478623014,9.25993047362311
39.82025478623014,9.418306972910221
39.82025478623014,9.576683472197333
39.82025478623014,9.735059971484445
39.82025478623014,15.75336694439469
39.82025478623014,15.911743443681802
39.82025478623014,16.070119942968912
39.82025478623014,16.228496442256024
39.82025478623014,16.386872941543135
39.82025478623014,16.545249440830247
39.82025478623014,18.129014433701364
39.82025478623014,18.287390932988476
39.82025478623014,18.445767432275588
39.947402193127104,8.309671477900439
39.947402193127104,8.46804797718755
39.947402193127104,8.626424476474662
39.947402193127104,8.784800975761774
39.947402193127104,8.943177475048886
39.947402193127104,9.101553974335998
39.947402193127104,9.25993047362311
39.947402193127104,9.418306972910221
39.947402193127104,9.576683472197333
39.947402193127104,9.735059971484445
39.947402193127104,15.278237446533355
39.947402193127104,15.436613945820467
39.947402193127104,15.594990445107578
39.947402193127104,15.75336694439469
39.947402193127104,15.911743443681802
39.947402193127104,16.070119942968912
39.947402193127104,16.228496442256024
39.947402193127104,16.386872941543135
39.947402193127104,16.545249440830247
39.947402193127104,16.70362594011736
39.947402193127104,17.970637934414253
39.947402193127104,18.129014433701364
39.947402193127104,18.287390932988476
39.947402193127104,18.445767432275588
40.07454960002407,8.309671477900439
40.07454960002407,8.46804797718755
40.07454960002407,8.626424476474662
40.07454960002407,8.784800975761774
40.07454960002407,8.943177475048886
40.07454960002407,9.101553974335998
40.07454960002407,9.25993047362311
40.07454960002407,9.418306972910221
40.07454960002407,9.576683472197333
40.07454960002407,9.735059971484445
40.07454960002407,15.119860947246243
40.07454960002407,15.278237446533355
40.07454960002407,15.436613945820467
40.07454960002407,15.594990445107578
40.07454960002407,15.75336694439469
40.07454960002407,15.911743443681802
40.07454960002407,16.070119942968912
40.07454960002407,16.228496442256024
40.07454960002407,16.386872941543135
40.07454960002407,16.545249440830247
40.07454960002407,16.70362594011736
40.07454960002407,17.970637934414253
40.07454960002407,18.129014433701364
40.07454960002407,18.287390932988476
40.07454960002407,18.445767432275588
40.07454960002407,18.6041439315627
40.20169700692104,8.46804797718755
40.20169700692104,8.626424476474662
40.20169700692104,8.784800975761774
40.20169700692104,8.943177475048886
40.20169700692104,9.101553974335998
40.20169700692104,9.25993047362311
40.20169700692104,9.418306972910221
40.20169700692104,9.576683472197333
40.20169700692104,9.735059971484445
40.20169700692104,14.961484447959132
40.20169700692104,15.119860947246243
40.20169700692104,15.278237446533355
40.20169700692104,15.436613945820467
40.20169700692104,15.594990445107578
40.20169700692104,15.75336694439469
40.20169700692104,15.911743443681802
40.20169700692104,16.070119942968912
40.20169700692104,16.228496442256024
40.20169700692104,16.386872941543135
40.20169700692104,16.545249440830247
40.20169700692104,16.70362594011736
40.20169700692104,16.86200243940447
40.20169700692104,17.495508436552917
40.20169700692104,17.65388493584003
40.20169700692104,17.81226143512714
40.20169700692104,17.970637934414253
40.20169700692104,18.129014433701364
40.20169700692104,18.287390932988476
40.20169700692104,18.445767432275588
40.20169700692104,18.6041439315627
40.328844413818004,8.46804797718755
40.328844413818004,8.626424476474662
40.328844413818004,8.784800975761774
40.328844413818004,8.943177475048886
40.328844413818004,9.101553974335998
40.328844413818004,9.25993047362311
40.328844413818004,9.418306972910221
40.328844413818004,9.576683472197333
40.328844413818004,9.735059971484445
40.328844413818004,14.961484447959132
40.328844413818004,15.119860947246243
40.328844413818004,15.278237446533355
40.328844413818004,15.436613945820467
40.328844413818004,15.594990445107578
40.328844413818004,15.75336694439469
40.328844413818004,15.911743443681802
40.328844413818004,16.070119942968912
40.328844413818004,16.228496442256024
40.328844413818004,16.386872941543135
40.328844413818004,16.545249440830247
40.328844413818004,16.70362594011736
40.328844413818004,16.86200243940447
40.328844413818004,17.178755437978694
40.328844413818004,17.337131937265806
40.328844413818004,17.495508436552917
40.328844413818004,17.65388493584003
40.328844413818004,17.81226143512714
40.328844413818004,17.970637934414253
40.328844413818004,18.129014433701364
40.328844413818004,18.287390932988476
40.328844413818004,18.445767432275588
40.45599182071497,8.309671477900439
40.45599182071497,8.46804797718755
40.45599182071497,8.626424476474662
40.45599182071497,8.784800975761774
40.45599182071497,8.943177475048886
40.45599182071497,9.101553974335998
40.45599182071497,9.25993047362311
40.45599182071497,9.418306972910221
40.45599182071497,9.576683472197333
40.45599182071497,9.735059971484445
40.45599182071497,9.893436470771556
40.45599182071497,14.961484447959132
40.45599182071497,15.119860947246243
40.45599182071497,15.278237446533355
40.45599182071497,15.436613945820467
40.45599182071497,15.594990445107578
40.45599182071497,15.75336694439469
40.45599182071497,15.911743443681802
40.45599182071497,16.070119942968912
40.45599182071497,16.228496442256024
40.45599182071497,16.386872941543135
40.45599182071497,16.545249440830247
40.45599182071497,16.70362594011736
40.45599182071497,16.86200243940447
40.45599182071497,17.020378938691582
40.45599182071497,17.178755437978694
40.45599182071497,17.337131937265806
40.45599182071497,17.495508436552917
40.45599182071497,17.65388493584003
40.45599182071497,17.81226143512714
40.45599182071497,17.970637934414253
40.45599182071497,18.129014433701364
40.45599182071497,18.287390932988476
40.58313922761194,8.151294978613327
40.58313922761194,8.309671477900439
40.58313922761194,8.46804797718755
40.58313922761194,8.626424476474662
40.58313922761194,8.784800975761774
40.58313922761194,8.943177475048886
40.58313922761194,9.101553974335998
40.58313922761194,9.25993047362311
40.58313922761194,9.418306972910221
40.58313922761194,9.576683472197333
40.58313922761194,9.735059971484445
40.58313922761194,9.893436470771556
40.58313922761194,14.327978450810685
40.58313922761194,14.486354950097796
40.58313922761194,14.644731449384908
40.58313922761194,14.80310794867202
40.58313922761194,14.961484447959132
40.58313922761194,15.119860947246243
40.58313922761194,15.278237446533355
40.58313922761194,15.436613945820467
40.58313922761194,15.594990445107578
40.58313922761194,15.75336694439469
40.58313922761194,15.911743443681802
40.58313922761194,16.070119942968912
40.58313922761194,16.228496442256024
40.58313922761194,16.386872941543135
40.58313922761194,16.545249440830247
40.58313922761194,16.70362594011736
40.58313922761194,16.86200243940447
40.58313922761194,17.020378938691582
40.58313922761194,17.178755437978694
40.58313922761194,17.337131937265806
40.58313922761194,17.495508436552917
40.58313922761194,17.65388493584003
40.58313922761194,17.81226143512714
40.58313922761194,17.970637934414253
40.58313922761194,18.129014433701364
40.710286634508904,8.151294978613327
40.710286634508904,8.309671477900439
40.710286634508904,8.46804797718755
40.710286634508904,8.626424476474662
40.710286634508904,8.784800975761774
40.710286634508904,8.943177475048886
40.710286634508904,9.101553974335998
40.710286634508904,9.25993047362311
40.710286634508904,9.418306972910221
40.710286634508904,9.576683472197333
40.710286634508904,9.735059971484445
40.710286634508904,14.169601951523573
40.710286634508904,14.327978450810685
40.710286634508904,14.486354950097796
40.710286634508904,14.644731449384908
40.710286634508904,14.80310794867202
40.710286634508904,14.961484447959132
40.710286634508904,15.119860947246243
40.710286634508904,15.278237446533355
40.710286634508904,15.436613945820467
40.710286634508904,15.594990445107578
40.710286634508904,15.75336694439469
40.710286634508904,15.911743443681802
40.710286634508904,16.070119942968912
40.710286634508904,16.228496442256024
40.710286634508904,16.386872941543135
40.710286634508904,16.545249440830247
40.710286634508904,16.70362594011736
40.710286634508904,16.86200243940447
40.710286634508904,17.020378938691582
40.710286634508904,17.178755437978694
40.710286634508904,17.337131937265806
40.710286634508904,17.495508436552917
40.710286634508904,17.65388493584003
40.710286634508904,17.81226143512714
40.710286634508904,17.970637934414253
40.83743404140587,8.151294978613327
40.83743404140587,8.309671477900439
40.83743404140587,8.46804797718755
40.83743404140587,8.626424476474662
40.83743404140587,8.784800975761774
40.83743404140587,8.943177475048886
40.83743404140587,9.101553974335998
40.83743404140587,9.25993047362311
40.83743404140587,9.418306972910221
40.83743404140587,9.576683472197333
40.83743404140587,9.735059971484445
40.83743404140587,14.011225452236461
40.83743404140587,14.169601951523573
40.83743404140587,14.327978450810685
40.83743404140587,14.486354950097796
40.83743404140587,14.644731449384908
40.83743404140587,14.80310794867202
40.83743404140587,14.961484447959132
40.83743404140587,15.119860947246243
40.83743404140587,15.278237446533355
40.83743404140587,15.436613945820467
40.83743404140587,15.594990445107578
40.83743404140587,15.75336694439469
40.83743404140587,15.911743443681802
40.83743404140587,16.070119942968912
40.83743404140587,16.228496442256024
40.83743404140587,16.386872941543135
40.83743404140587,16.545249440830247
40.83743404140587,16.70362594011736
40.83743404140587,16.86200243940447
40.83743404140587,17.020378938691582
40.83743404140587,17.178755437978694
40.83743404140587,17.337131937265806
40.83743404140587,17.495508436552917
40.83743404140587,17.65388493584003
40.83743404140587,17.81226143512714
40.96458144830284,8.151294978613327
40.96458144830284,8.309671477900439
40.96458144830284,8.626424476474662
40.96458144830284,8.784800975761774
40.96458144830284,8.943177475048886
40.96458144830284,9.101553974335998
40.96458144830284,9.25993047362311
40.96458144830284,9.418306972910221
40.96458144830284,9.576683472197333
40.96458144830284,9.735059971484445
40.96458144830284,13.85284895294935
40.96458144830284,14.011225452236461
40.96458144830284,14.169601951523573
40.96458144830284,14.327978450810685
40.96458144830284,14.486354950097796
40.96458144830284,14.644731449384908
40.96458144830284,14.80310794867202
40.96458144830284,14.961484447959132
40.96458144830284,15.119860947246243
40.96458144830284,15.278237446533355
40.96458144830284,15.436613945820467
40.96458144830284,15.594990445107578
40.96458144830284,15.75336694439469
40.96458144830284,15.911743443681802
40.96458144830284,16.070119942968912
40.96458144830284,16.228496442256024
40.96458144830284,16.386872941543135
40.96458144830284,16.545249440830247
40.96458144830284,16.70362594011736
40.96458144830284,16.86200243940447
40.96458144830284,17.020378938691582
40.96458144830284,17.178755437978694
40.96458144830284,17.337131937265806
41.091728855199804,8.943177475048886
41.091728855199804,9.101553974335998
41.091728855199804,9.25993047362311
41.091728855199804,9.418306972910221
41.091728855199804,9.576683472197333
41.091728855199804,13.85284895294935
41.091728855199804,14.011225452236461
41.091728855199804,14.169601951523573
41.091728855199804,14.327978450810685
41.091728855199804,14.486354950097796
41.091728855199804,14.644731449384908
41.091728855199804,14.80310794867202
41.091728855199804,14.961484447959132
41.091728855199804,15.119860947246243
41.091728855199804,15.278237446533355
41.091728855199804,15.436613945820467
41.091728855199804,15.594990445107578
41.091728855199804,15.75336694439469
41.091728855199804,15.911743443681802
41.091728855199804,16.070119942968912
41.091728855199804,16.228496442256024
41.091728855199804,16.386872941543135
41.091728855199804,16.545249440830247
41.091728855199804,16.70362594011736
41.091728855199804,16.86200243940447
41.091728855199804,17.020378938691582
41.091728855199804,17.178755437978694
41.21887626209677,8.943177475048886
41.21887626209677,9.101553974335998
41.21887626209677,9.25993047362311
41.21887626209677,9.418306972910221
41.21887626209677,9.576683472197333
41.21887626209677,13.06096645651379
41.21887626209677,13.219342955800903
41.21887626209677,13.377719455088014
41.21887626209677,13.536095954375126
41.21887626209677,13.694472453662238
41.21887626209677,13.85284895294935
41.21887626209677,14.011225452236461
41.21887626209677,14.169601951523573
41.21887626209677,14.327978450810685
41.21887626209677,14.486354950097796
41.21887626209677,14.644731449384908
41.21887626209677,14.80310794867202
41.21887626209677,14.961484447959132
41.21887626209677,15.119860947246243
41.21887626209677,15.278237446533355
41.21887626209677,15.436613945820467
41.21887626209677,15.594990445107578
41.21887626209677,15.75336694439469
41.21887626209677,15.911743443681802
41.21887626209677,16.070119942968912
41.21887626209677,16.228496442256024
41.21887626209677,16.386872941543135
41.21887626209677,16.545249440830247
41.21887626209677,16.70362594011736
41.21887626209677,16.86200243940447
41.34602366899374,9.25993047362311
41.34602366899374,12.744213457939567
41.34602366899374,12.90258995722668
41.34602366899374,13.06096645651379
41.34602366899374,13.219342955800903
41.34602366899374,13.377719455088014
41.34602366899374,13.536095954375126
41.34602366899374,13.694472453662238
41.34602366899374,13.85284895294935
41.34602366899374,14.011225452236461
41.34602366899374,14.169601951523573
41.34602366899374,14.327978450810685
41.34602366899374,14.486354950097796
41.34602366899374,14.644731449384908
41.34602366899374,14.80310794867202
41.34602366899374,14.961484447959132
41.34602366899374,15.119860947246243
41.34602366899374,15.278237446533355
41.34602366899374,15.436613945820467
41.34602366899374,15.594990445107578
41.34602366899374,15.75336694439469
41.34602366899374,15.911743443681802
41.34602366899374,16.070119942968912
41.34602366899374,16.228496442256024
41.34602366899374,16.386872941543135
41.34602366899374,16.545249440830247
41.473171075890704,12.585836958652456
41.473171075890704,12.744213457939567
41.473171075890704,12.90258995722668
41.473171075890704,13.06096645651379
41.473171075890704,13.219342955800903
41.473171075890704,13.377719455088014
41.473171075890704,13.536095954375126
41.473171075890704,13.694472453662238
41.473171075890704,13.85284895294935
41.473171075890704,14.011225452236461
41.473171075890704,14.169601951523573
41.473171075890704,14.327978450810685
41.473171075890704,14.486354950097796
41.473171075890704,14.644731449384908
41.473171075890704,14.80310794867202
41.473171075890704,14.961484447959132
41.473171075890704,15.119860947246243
41.473171075890704,15.278237446533355
41.473171075890704,15.436613945820467
41.473171075890704,15.594990445107578
41.473171075890704,15.75336694439469
41.473171075890704,15.911743443681802
41.473171075890704,16.070119942968912
41.473171075890704,16.228496442256024
41.60031848278767,12.427460459365344
41.60031848278767,12.585836958652456
41.60031848278767,12.744213457939567
41.60031848278767,12.90258995722668
41.60031848278767,13.06096645651379
41.60031848278767,13.219342955800903
41.60031848278767,13.377719455088014
41.60031848278767,13.536095954375126
41.60031848278767,13.694472453662238
41.60031848278767,13.85284895294935
41.60031848278767,14.011225452236461
41.60031848278767,14.169601951523573
41.60031848278767,14.327978450810685
41.60031848278767,14.486354950097796
41.60031848278767,14.644731449384908
41.60031848278767,14.80310794867202
41.60031848278767,14.961484447959132
41.60031848278767,15.119860947246243
41.60031848278767,15.278237446533355
41.60031848278767,15.436613945820467
41.60031848278767,15.594990445107578
41.60031848278767,15.75336694439469
41.60031848278767,15.911743443681802
41.60031848278767,16.070119942968912
41.72746588968464,12.269083960078232
41.72746588968464,12.427460459365344
41.72746588968464,12.585836958652456
41.72746588968464,12.744213457939567
41.72746588968464,12.90258995722668
41.72746588968464,13.06096645651379
41.72746588968464,13.219342955800903
41.72746588968464,13.377719455088014
41.72746588968464,13.536095954375126
41.72746588968464,13.694472453662238
41.72746588968464,13.85284895294935
41.72746588968464,14.011225452236461
41.72746588968464,14.169601951523573
41.72746588968464,14.327978450810685
41.72746588968464,14.486354950097796
41.72746588968464,14.644731449384908
41.72746588968464,14.80310794867202
41.72746588968464,14.961484447959132
41.72746588968464,15.119860947246243
41.72746588968464,15.278237446533355
41.72746588968464,15.436613945820467
41.72746588968464,15.594990445107578
41.72746588968464,15.75336694439469
41.72746588968464,15.911743443681802
41.72746588968464,16.070119942968912
41.72746588968464,16.228496442256024
41.854613296581604,12.11070746079112
41.854613296581604,12.269083960078232
41.854613296581604,12.427460459365344
41.854613296581604,12.585836958652456
41.854613296581604,12.744213457939567
41.854613296581604,12.90258995722668
41.854613296581604,13.06096645651379
41.854613296581604,13.219342955800903
41.854613296581604,13.377719455088014
41.854613296581604,13.536095954375126
41.854613296581604,13.694472453662238
41.854613296581604,13.85284895294935
41.854613296581604,14.011225452236461
41.854613296581604,14.169601951523573
41.854613296581604,14.327978450810685
41.854613296581604,14.486354950097796
41.854613296581604,14.644731449384908
41.854613296581604,14.80310794867202
41.854613296581604,14.961484447959132
41.854613296581604,15.119860947246243
41.854613296581604,15.278237446533355
41.854613296581604,15.436613945820467
41.854613296581604,15.594990445107578
41.854613296581604,15.75336694439469
41.854613296581604,15.911743443681802
41.854613296581604,16.070119942968912
41.854613296581604,16.228496442256024
41.98176070347857,11.793954462216897
41.98176070347857,11.952330961504009
41.98176070347857,12.11070746079112
41.98176070347857,12.269083960078232
41.98176070347857,12.427460459365344
41.98176070347857,12.585836958652456
41.98176070347857,12.744213457939567
41.98176070347857,12.90258995722668
41.98176070347857,13.06096645651379
41.98176070347857,13.219342955800903
41.98176070347857,13.377719455088014
41.98176070347857,13.536095954375126
41.98176070347857,13.694472453662238
41.98176070347857,13.85284895294935
41.98176070347857,14.011225452236461
41.98176070347857,14.169601951523573
41.98176070347857,14.327978450810685
41.98176070347857,14.486354950097796
41.98176070347857,14.644731449384908
41.98176070347857,14.80310794867202
41.98176070347857,14.961484447959132
41.98176070347857,15.119860947246243
41.98176070347857,15.278237446533355
41.98176070347857,15.436613945820467
41.98176070347857,15.594990445107578
41.98176070347857,15.75336694439469
41.98176070347857,15.911743443681802
41.98176070347857,16.070119942968912
41.98176070347857,16.228496442256024
42.10890811037554,11.635577962929785
42.10890811037554,11.793954462216897
42.10890811037554,11.952330961504009
42.10890811037554,12.11070746079112
42.10890811037554,12.269083960078232
42.10890811037554,12.427460459365344
42.10890811037554,12.585836958652456
42.10890811037554,12.744213457939567
42.10890811037554,12.90258995722668
42.10890811037554,13.06096645651379
42.10890811037554,13.219342955800903
42.10890811037554,13.377719455088014
42.10890811037554,13.536095954375126
42.10890811037554,13.694472453662238
42.10890811037554,13.85284895294935
42.10890811037554,14.011225452236461
42.10890811037554,14.169601951523573
42.10890811037554,14.327978450810685
42.10890811037554,14.486354950097796
42.10890811037554,14.644731449384908
42.10890811037554,14.80310794867202
42.10890811037554,14.961484447959132
42.236055517272504,11.635577962929785
42.236055517272504,11.793954462216897
42.236055517272504,11.952330961504009
42.236055517272504,12.11070746079112
42.236055517272504,12.269083960078232
42.236055517272504,12.427460459365344
42.236055517272504,12.585836958652456
42.236055517272504,12.744213457939567
42.236055517272504,12.90258995722668
42.236055517272504,13.06096645651379
42.236055517272504,13.219342955800903
42.236055517272504,13.377719455088014
42.236055517272504,13.536095954375126
42.236055517272504,13.694472453662238
42.236055517272504,13.85284895294935
42.236055517272504,14.011225452236461
42.236055517272504,14.169601951523573
42.236055517272504,14.327978450810685
42.236055517272504,14.486354950097796
42.236055517272504,14.644731449384908
42.236055517272504,14.80310794867202
42.36320292416947,11.002071965781338
42.36320292416947,11.16044846506845
42.36320292416947,11.318824964355562
42.36320292416947,11.477201463642674
42.36320292416947,11.635577962929785
42.36320292416947,11.793954462216897
42.36320292416947,11.952330961504009
42.36320292416947,12.11070746079112
42.36320292416947,12.269083960078232
42.36320292416947,12.427460459365344
42.36320292416947,12.585836958652456
42.36320292416947,12.744213457939567
42.36320292416947,12.90258995722668
42.36320292416947,13.06096645651379
42.36320292416947,13.219342955800903
42.36320292416947,13.377719455088014
42.36320292416947,13.536095954375126
42.36320292416947,13.694472453662238
42.36320292416947,13.85284895294935
42.36320292416947,14.011225452236461
42.36320292416947,14.169601951523573
42.36320292416947,14.327978450810685
42.36320292416947,14.486354950097796
42.49035033106644,11.002071965781338
42.49035033106644,11.16044846506845
42.49035033106644,11.318824964355562
42.49035033106644,11.477201463642674
42.49035033106644,11.635577962929785
42.49035033106644,11.793954462216897
42.49035033106644,11.952330961504009
42.49035033106644,12.11070746079112
42.49035033106644,12.269083960078232
42.49035033106644,12.427460459365344
42.49035033106644,12.585836958652456
42.49035033106644,12.744213457939567
42.49035033106644,12.90258995722668
42.49035033106644,13.06096645651379
42.49035033106644,13.219342955800903
42.49035033106644,13.377719455088014
42.49035033106644,13.536095954375126
42.49035033106644,13.694472453662238
42.49035033106644,13.85284895294935
42.49035033106644,14.011225452236461
42.49035033106644,14.169601951523573
42.49035033106644,14.327978450810685
42.617497737963404,10.21018946934578
42.617497737963404,10.368565968632891
42.617497737963404,11.002071965781338
42.617497737963404,11.16044846506845
42.617497737963404,11.318824964355562
42.617497737963404,11.477201463642674
42.617497737963404,11.635577962929785
42.617497737963404,11.793954462216897
42.617497737963404,11.952330961504009
42.617497737963404,12.11070746079112
42.617497737963404,12.269083960078232
42.617497737963404,12.427460459365344
42.617497737963404,12.585836958652456
42.617497737963404,12.744213457939567
42.617497737963404,12.90258995722668
42.617497737963404,13.06096645651379
42.617497737963404,13.219342955800903
42.617497737963404,13.377719455088014
42.617497737963404,13.536095954375126
42.617497737963404,13.694472453662238
42.617497737963404,13.85284895294935
42.617497737963404,14.011225452236461
42.617497737963404,14.169601951523573
42.74464514486037,10.051812970058668
42.74464514486037,10.21018946934578
42.74464514486037,10.368565968632891
42.74464514486037,10.526942467920003
42.74464514486037,10.843695466494227
42.74464514486037,11.002071965781338
42.74464514486037,11.16044846506845
42.74464514486037,11.318824964355562
42.74464514486037,11.477201463642674
42.74464514486037,11.635577962929785
42.74464514486037,11.793954462216897
42.74464514486037,11.952330961504009
42.74464514486037,12.11070746079112
42.74464514486037,12.269083960078232
42.74464514486037,12.427460459365344
42.74464514486037,12.585836958652456
42.74464514486037,12.744213457939567
42.74464514486037,12.90258995722668
42.74464514486037,13.06096645651379
42.74464514486037,13.219342955800903
42.74464514486037,13.377719455088014
42.74464514486037,13.536095954375126
42.74464514486037,13.694472453662238
42.74464514486037,13.85284895294935
42.74464514486037,14.011225452236461
42.87179255175734,10.051812970058668
42.87179255175734,10.21018946934578
42.87179255175734,10.368565968632891
42.87179255175734,10.526942467920003
42.87179255175734,10.685318967207115
42.87179255175734,10.843695466494227
42.87179255175734,11.002071965781338
42.87179255175734,11.16044846506845
42.87179255175734,11.318824964355562
42.87179255175734,11.477201463642674
42.87179255175734,11.635577962929785
42.87179255175734,11.793954462216897
42.87179255175734,11.952330961504009
42.87179255175734,12.11070746079112
42.87179255175734,12.269083960078232
42.87179255175734,12.427460459365344
42.87179255175734,12.585836958652456
42.87179255175734,12.744213457939567
42.87179255175734,12.90258995722668
42.87179255175734,13.06096645651379
42.87179255175734,13.219342955800903
42.87179255175734,13.377719455088014
42.87179255175734,13.536095954375126
42.87179255175734,13.694472453662238
42.87179255175734,13.85284895294935
42.87179255175734,14.011225452236461
42.998939958654304,10.526942467920003
42.998939958654304,10.685318967207115
42.998939958654304,10.843695466494227
42.998939958654304,11.002071965781338
42.998939958654304,11.16044846506845
42.998939958654304,11.318824964355562
42.998939958654304,11.477201463642674
42.998939958654304,11.635577962929785
42.998939958654304,11.793954462216897
42.998939958654304,11.952330961504009
42.998939958654304,12.11070746079112
42.998939958654304,12.269083960078232
42.998939958654304,12.427460459365344
42.998939958654304,12.585836958652456
42.998939958654304,12.744213457939567
42.998939958654304,12.90258995722668
42.998939958654304,13.06096645651379
42.998939958654304,13.219342955800903
42.998939958654304,13.377719455088014
42.998939958654304,13.536095954375126
42.998939958654304,13.694472453662238
42.998939958654304,13.85284895294935
43.12608736555127,10.526942467920003
43.12608736555127,10.685318967207115
43.12608736555127,10.843695466494227
43.12608736555127,11.002071965781338
43.12608736555127,11.16044846506845
43.12608736555127,11.318824964355562
43.12608736555127,11.477201463642674
43.12608736555127,11.635577962929785
43.12608736555127,11.793954462216897
43.12608736555127,11.952330961504009
43.12608736555127,12.11070746079112
43.12608736555127,12.269083960078232
43.12608736555127,12.427460459365344
43.12608736555127,12.585836958652456
43.12608736555127,12.744213457939567
43.12608736555127,12.90258995722668
43.12608736555127,13.06096645651379
43.12608736555127,13.219342955800903
43.12608736555127,13.377719455088014
43.12608736555127,13.536095954375126
43.12608736555127,13.694472453662238
43.12608736555127,13.85284895294935
43.25323477244824,10.526942467920003
43.25323477244824,10.685318967207115
43.25323477244824,10.843695466494227
43.25323477244824,11.002071965781338
43.25323477244824,11.16044846506845
43.25323477244824,11.318824964355562
43.25323477244824,11.477201463642674
43.25323477244824,11.635577962929785
43.25323477244824,11.793954462216897
43.25323477244824,11.952330961504009
43.25323477244824,12.11070746079112
43.25323477244824,12.269083960078232
43.25323477244824,12.427460459365344
43.25323477244824,12.585836958652456
43.25323477244824,12.744213457939567
43.25323477244824,12.90258995722668
43.25323477244824,13.06096645651379
43.25323477244824,13.219342955800903
43.25323477244824,13.377719455088014
43.25323477244824,13.536095954375126
43.25323477244824,13.694472453662238
43.25323477244824,13.85284895294935
43.380382179345204,10.368565968632891
43.380382179345204,10.526942467920003
43.380382179345204,10.685318967207115
43.380382179345204,10.843695466494227
43.380382179345204,11.002071965781338
43.380382179345204,11.16044846506845
43.380382179345204,11.318824964355562
43.380382179345204,11.477201463642674
43.380382179345204,11.635577962929785
43.380382179345204,11.793954462216897
43.380382179345204,11.952330961504009
43.380382179345204,12.11070746079112
43.380382179345204,12.269083960078232
43.380382179345204,12.427460459365344
43.380382179345204,12.585836958652456
43.380382179345204,12.744213457939567
43.380382179345204,12.90258995722668
43.380382179345204,13.06096645651379
43.380382179345204,13.219342955800903
43.380382179345204,13.377719455088014
43.380382179345204,13.536095954375126
43.380382179345204,13.694472453662238
43.50752958624217,10.21018946934578
43.50752958624217,10.368565968632891
43.50752958624217,10.526942467920003
43.50752958624217,10.685318967207115
43.50752958624217,10.843695466494227
43.50752958624217,11.002071965781338
43.50752958624217,11.16044846506845
43.50752958624217,11.318824964355562
43.50752958624217,11.477201463642674
43.50752958624217,11.635577962929785
43.50752958624217,11.793954462216897
43.50752958624217,11.952330961504009
43.50752958624217,12.11070746079112
43.50752958624217,12.269083960078232
43.50752958624217,12.427460459365344
43.50752958624217,12.585836958652456
43.50752958624217,12.744213457939567
43.50752958624217,12.90258995722668
43.50752958624217,13.06096645651379
43.50752958624217,13.219342955800903
43.50752958624217,13.377719455088014
43.50752958624217,13.536095954375126
43.50752958624217,13.694472453662238
43.63467699313914,10.21018946934578
43.63467699313914,10.368565968632891
43.63467699313914,10.526942467920003
43.63467699313914,10.685318967207115
43.63467699313914,10.843695466494227
43.63467699313914,11.002071965781338
43.63467699313914,11.16044846506845
43.63467699313914,11.318824964355562
43.63467699313914,11.477201463642674
43.63467699313914,11.635577962929785
43.63467699313914,11.793954462216897
43.63467699313914,11.952330961504009
43.63467699313914,12.11070746079112
43.63467699313914,12.269083960078232
43.63467699313914,12.427460459365344
43.63467699313914,12.585836958652456
43.63467699313914,12.744213457939567
43.63467699313914,12.90258995722668
43.63467699313914,13.06096645651379
43.63467699313914,13.219342955800903
43.63467699313914,13.377719455088014
43.63467699313914,13.536095954375126
43.63467699313914,13.694472453662238
43.761824400036105,7.517788981464883
43.761824400036105,7.676165480751994
43.761824400036105,7.834541980039105
43.761824400036105,7.992918479326216
43.761824400036105,10.21018946934578
43.761824400036105,10.368565968632891
43.761824400036105,10.526942467920003
43.761824400036105,10.685318967207115
43.761824400036105,10.843695466494227
43.761824400036105,11.002071965781338
43.761824400036105,11.16044846506845
43.761824400036105,11.318824964355562
43.761824400036105,11.477201463642674
43.761824400036105,11.635577962929785
43.761824400036105,11.793954462216897
43.761824400036105,11.952330961504009
43.761824400036105,12.11070746079112
43.761824400036105,12.269083960078232
43.761824400036105,12.427460459365344
43.761824400036105,12.585836958652456
43.761824400036105,12.744213457939567
43.761824400036105,12.90258995722668
43.761824400036105,13.06096645651379
43.761824400036105,13.219342955800903
43.761824400036105,13.377719455088014
43.88897180693307,7.517788981464883
43.88897180693307,7.676165480751994
43.88897180693307,7.834541980039105
43.88897180693307,7.992918479326216
43.88897180693307,8.151294978613327
43.88897180693307,10.21018946934578
43.88897180693307,10.368565968632891
43.88897180693307,10.526942467920003
43.88897180693307,10.685318967207115
43.88897180693307,10.843695466494227
43.88897180693307,11.002071965781338
43.88897180693307,11.16044846506845
43.88897180693307,11.318824964355562
43.88897180693307,11.477201463642674
43.88897180693307,11.635577962929785
43.88897180693307,11.793954462216897
43.88897180693307,11.952330961504009
43.88897180693307,12.11070746079112
43.88897180693307,12.269083960078232
43.88897180693307,12.427460459365344
43.88897180693307,12.585836958652456
43.88897180693307,12.744213457939567
43.88897180693307,12.90258995722668
43.88897180693307,13.06096645651379
44.01611921383004,7.359412482177772
44.01611921383004,7.517788981464883
44.01611921383004,7.676165480751994
44.01611921383004,7.834541980039105
44.01611921383004,7.992918479326216
44.01611921383004,8.151294978613327
44.01611921383004,8.309671477900439
44.01611921383004,9.735059971484445
44.01611921383004,9.893436470771556
44.01611921383004,10.051812970058668
44.01611921383004,10.21018946934578
44.01611921383004,10.368565968632891
44.01611921383004,10.526942467920003
44.01611921383004,10.685318967207115
44.01611921383004,10.843695466494227
44.01611921383004,11.002071965781338
44.01611921383004,11.16044846506845
44.01611921383004,11.318824964355562
44.01611921383004,11.477201463642674
44.01611921383004,11.635577962929785
44.01611921383004,11.793954462216897
44.01611921383004,11.952330961504009
44.01611921383004,12.11070746079112
44.01611921383004,12.269083960078232
44.01611921383004,12.427460459365344
44.01611921383004,12.585836958652456
44.01611921383004,12.744213457939567
44.01611921383004,12.90258995722668
44.143266620727005,7.0426594836035505
44.143266620727005,7.201035982890661
44.143266620727005,7.359412482177772
44.143266620727005,7.517788981464883
44.143266620727005,7.676165480751994
44.143266620727005,7.834541980039105
44.143266620727005,7.992918479326216
44.143266620727005,8.151294978613327
44.143266620727005,8.309671477900439
44.143266620727005,8.46804797718755
44.143266620727005,9.418306972910221
44.143266620727005,9.576683472197333
44.143266620727005,9.735059971484445
44.143266620727005,9.893436470771556
44.143266620727005,10.051812970058668
44.143266620727005,10.21018946934578
44.143266620727005,10.368565968632891
44.143266620727005,10.526942467920003
44.143266620727005,10.685318967207115
44.143266620727005,10.843695466494227
44.143266620727005,11.002071965781338
44.143266620727005,11.16044846506845
44.143266620727005,11.318824964355562
44.143266620727005,11.477201463642674
44.143266620727005,11.635577962929785
44.143266620727005,11.793954462216897
44.143266620727005,11.952330961504009
44.143266620727005,12.11070746079112
44.143266620727005,12.269083960078232
44.143266620727005,12.427460459365344
44.143266620727005,12.585836958652456
44.27041402762397,6.88428298431644
44.27041402762397,7.0426594836035505
44.27041402762397,7.201035982890661
44.27041402762397,7.359412482177772
44.27041402762397,7.517788981464883
44.27041402762397,7.676165480751994
44.27041402762397,7.834541980039105
44.27041402762397,7.992918479326216
44.27041402762397,8.151294978613327
44.27041402762397,8.309671477900439
44.27041402762397,8.46804797718755
44.27041402762397,8.626424476474662
44.27041402762397,9.101553974335998
44.27041402762397,9.25993047362311
44.27041402762397,9.418306972910221
44.27041402762397,9.576683472197333
44.27041402762397,9.735059971484445
44.27041402762397,9.893436470771556
44.27041402762397,10.051812970058668
44.27041402762397,10.21018946934578
44.27041402762397,10.368565968632891
44.27041402762397,10.526942467920003
44.27041402762397,10.685318967207115
44.27041402762397,10.843695466494227
44.27041402762397,11.002071965781338
44.27041402762397,11.16044846506845
44.27041402762397,11.318824964355562
44.27041402762397,11.477201463642674
44.27041402762397,11.635577962929785
44.27041402762397,11.793954462216897
44.27041402762397,11.952330961504009
44.27041402762397,12.11070746079112
44.27041402762397,12.269083960078232
44.27041402762397,12.427460459365344
44.39756143452094,6.88428298431644
44.39756143452094,7.0426594836035505
44.39756143452094,7.201035982890661
44.39756143452094,7.359412482177772
44.39756143452094,7.517788981464883
44.39756143452094,7.676165480751994
44.39756143452094,7.834541980039105
44.39756143452094,7.992918479326216
44.39756143452094,8.151294978613327
44.39756143452094,8.309671477900439
44.39756143452094,8.46804797718755
44.39756143452094,8.626424476474662
44.39756143452094,8.784800975761774
44.39756143452094,8.943177475048886
44.39756143452094,9.101553974335998
44.39756143452094,9.25993047362311
44.39756143452094,9.418306972910221
44.39756143452094,9.576683472197333
44.39756143452094,9.735059971484445
44.39756143452094,9.893436470771556
44.39756143452094,10.051812970058668
44.39756143452094,10.21018946934578
44.39756143452094,10.368565968632891
44.39756143452094,10.526942467920003
44.39756143452094,10.685318967207115
44.39756143452094,10.843695466494227
44.39756143452094,11.002071965781338
44.39756143452094,11.16044846506845
44.39756143452094,11.318824964355562
44.39756143452094,11.477201463642674
44.39756143452094,11.635577962929785
44.39756143452094,11.793954462216897
44.39756143452094,11.952330961504009
44.39756143452094,12.11070746079112
44.39756143452094,12.269083960078232
44.39756143452094,12.427460459365344
44.524708841417905,6.88428298431644
44.524708841417905,7.0426594836035505
44.524708841417905,7.201035982890661
44.524708841417905,7.359412482177772
44.524708841417905,7.517788981464883
44.524708841417905,7.676165480751994
44.524708841417905,7.834541980039105
44.524708841417905,7.992918479326216
44.524708841417905,8.151294978613327
44.524708841417905,8.309671477900439
44.524708841417905,8.46804797718755
44.524708841417905,8.626424476474662
44.524708841417905,8.784800975761774
44.524708841417905,8.943177475048886
44.524708841417905,9.101553974335998
44.524708841417905,9.25993047362311
44.524708841417905,9.418306972910221
44.524708841417905,9.576683472197333
44.524708841417905,9.735059971484445
44.524708841417905,9.893436470771556
44.524708841417905,10.051812970058668
44.524708841417905,10.21018946934578
44.524708841417905,10.368565968632891
44.524708841417905,10.526942467920003
44.524708841417905,10.685318967207115
44.524708841417905,10.843695466494227
44.524708841417905,11.002071965781338
44.524708841417905,11.16044846506845
44.524708841417905,11.318824964355562
44.524708841417905,11.477201463642674
44.524708841417905,11.635577962929785
44.524708841417905,11.793954462216897
44.524708841417905,11.952330961504009
44.524708841417905,12.11070746079112
44.524708841417905,12.269083960078232
44.65185624831487,6.88428298431644
44.65185624831487,7.0426594836035505
44.65185624831487,7.201035982890661
44.65185624831487,7.359412482177772
44.65185624831487,7.517788981464883
44.65185624831487,7.676165480751994
44.65185624831487,7.834541980039105
44.65185624831487,7.992918479326216
44.65185624831487,8.151294978613327
44.65185624831487,8.309671477900439
44.65185624831487,8.46804797718755
44.65185624831487,8.626424476474662
44.65185624831487,8.784800975761774
44.65185624831487,8.943177475048886
44.65185624831487,9.101553974335998
44.65185624831487,9.25993047362311
44.65185624831487,9.418306972910221
44.65185624831487,9.576683472197333
44.65185624831487,9.735059971484445
44.65185624831487,9.893436470771556
44.65185624831487,10.051812970058668
44.65185624831487,10.21018946934578
44.65185624831487,10.368565968632891
44.65185624831487,10.526942467920003
44.65185624831487,10.685318967207115
44.65185624831487,10.843695466494227
44.65185624831487,11.002071965781338
44.65185624831487,11.16044846506845
44.65185624831487,11.318824964355562
44.65185624831487,11.477201463642674
44.65185624831487,11.635577962929785
44.65185624831487,11.793954462216897
44.65185624831487,11.952330961504009
44.65185624831487,12.11070746079112
44.65185624831487,12.269083960078232
44.77900365521184,6.88428298431644
44.77900365521184,7.0426594836035505
44.77900365521184,7.201035982890661
44.77900365521184,7.359412482177772
44.77900365521184,7.517788981464883
44.77900365521184,7.676165480751994
44.77900365521184,7.834541980039105
44.77900365521184,7.992918479326216
44.77900365521184,8.151294978613327
44.77900365521184,8.309671477900439
44.77900365521184,8.46804797718755
44.77900365521184,8.626424476474662
44.77900365521184,8.784800975761774
44.77900365521184,8.943177475048886
44.77900365521184,9.101553974335998
44.77900365521184,9.25993047362311
44.77900365521184,9.418306972910221
44.77900365521184,9.576683472197333
44.77900365521184,9.735059971484445
44.77900365521184,9.893436470771556
44.77900365521184,10.051812970058668
44.77900365521184,10.21018946934578
44.77900365521184,10.368565968632891
44.77900365521184,10.526942467920003
44.77900365521184,10.685318967207115
44.77900365521184,10.843695466494227
44.77900365521184,11.002071965781338
44.77900365521184,11.16044846506845
44.77900365521184,11.318824964355562
44.77900365521184,11.477201463642674
44.77900365521184,11.635577962929785
44.77900365521184,11.793954462216897
44.77900365521184,11.952330961504009
44.77900365521184,12.11070746079112
44.77900365521184,12.269083960078232
44.77900365521184,12.427460459365344
44.906151062108805,6.725906485029329
44.906151062108805,6.88428298431644
44.906151062108805,7.0426594836035505
44.906151062108805,7.201035982890661
44.906151062108805,7.359412482177772
44.906151062108805,7.517788981464883
44.906151062108805,7.676165480751994
44.906151062108805,7.834541980039105
44.906151062108805,7.992918479326216
44.906151062108805,8.151294978613327
44.906151062108805,8.309671477900439
44.906151062108805,8.46804797718755
44.906151062108805,8.626424476474662
44.906151062108805,8.784800975761774
44.906151062108805,8.943177475048886
44.906151062108805,9.101553974335998
44.906151062108805,9.25993047362311
44.906151062108805,9.418306972910221
44.906151062108805,9.576683472197333
44.906151062108805,9.735059971484445
44.906151062108805,9.893436470771556
44.906151062108805,10.051812970058668
44.906151062108805,10.21018946934578
44.906151062108805,10.368565968632891
44.906151062108805,10.526942467920003
44.906151062108805,10.685318967207115
44.906151062108805,10.843695466494227
44.906151062108805,11.002071965781338
44.906151062108805,11.16044846506845
44.906151062108805,11.318824964355562
44.906151062108805,11.477201463642674
44.906151062108805,11.635577962929785
44.906151062108805,11.793954462216897
44.906151062108805,11.952330961504009
44.906151062108805,12.11070746079112
44.906151062108805,12.269083960078232
44.906151062108805,12.427460459365344
44.906151062108805,12.585836958652456
45.03329846900577,6.567529985742218
45.03329846900577,6.725906485029329
45.03329846900577,6.88428298431644
45.03329846900577,7.0426594836035505
45.03329846900577,7.201035982890661
45.03329846900577,7.359412482177772
45.03329846900577,7.517788981464883
45.03329846900577,7.676165480751994
45.03329846900577,7.834541980039105
45.03329846900577,7.992918479326216
45.03329846900577,8.151294978613327
45.03329846900577,8.309671477900439
45.03329846900577,8.46804797718755
45.03329846900577,8.626424476474662
45.03329846900577,8.784800975761774
45.03329846900577,8.943177475048886
45.03329846900577,9.101553974335998
45.03329846900577,9.25993047362311
45.03329846900577,9.418306972910221
45.03329846900577,9.576683472197333
45.03329846900577,9.735059971484445
45.03329846900577,9.893436470771556
45.03329846900577,10.051812970058668
45.03329846900577,10.21018946934578
45.03329846900577,10.368565968632891
45.03329846900577,10.526942467920003
45.03329846900577,10.685318967207115
45.03329846900577,10.843695466494227
45.03329846900577,11.002071965781338
45.03329846900577,11.16044846506845
45.03329846900577,11.318824964355562
45.03329846900577,11.477201463642674
45.03329846900577,11.635577962929785
45.03329846900577,11.793954462216897
45.03329846900577,11.952330961504009
45.03329846900577,12.11070746079112
45.03329846900577,12.269083960078232
45.03329846900577,12.427460459365344
45.03329846900577,12.585836958652456
45.16044587590274,6.567529985742218
45.16044587590274,6.725906485029329
45.16044587590274,6.88428298431644
45.16044587590274,7.0426594836035505
45.16044587590274,7.201035982890661
45.16044587590274,7.359412482177772
45.16044587590274,7.517788981464883
45.16044587590274,7.676165480751994
45.16044587590274,7.834541980039105
45.16044587590274,7.992918479326216
45.16044587590274,8.151294978613327
45.16044587590274,8.309671477900439
45.16044587590274,8.46804797718755
45.16044587590274,8.626424476474662
45.16044587590274,8.784800975761774
45.16044587590274,8.943177475048886
45.16044587590274,9.101553974335998
45.16044587590274,9.25993047362311
45.16044587590274,9.418306972910221
45.16044587590274,9.576683472197333
45.16044587590274,9.735059971484445
45.16044587590274,9.893436470771556
45.16044587590274,10.051812970058668
45.16044587590274,10.21018946934578
45.16044587590274,10.368565968632891
45.16044587590274,10.526942467920003
45.16044587590274,10.685318967207115
45.16044587590274,10.843695466494227
45.16044587590274,11.002071965781338
45.16044587590274,11.16044846506845
45.16044587590274,11.318824964355562
45.16044587590274,11.477201463642674
45.16044587590274,11.635577962929785
45.16044587590274,11.793954462216897
45.16044587590274,11.952330961504009
45.16044587590274,12.11070746079112
45.16044587590274,12.269083960078232
45.16044587590274,12.427460459365344
45.287593282799705,6.88428298431644
45.287593282799705,7.0426594836035505
45.287593282799705,7.201035982890661
45.287593282799705,7.359412482177772
45.287593282799705,7.517788981464883
45.287593282799705,7.676165480751994
45.287593282799705,7.834541980039105
45.287593282799705,7.992918479326216
45.287593282799705,8.151294978613327
45.287593282799705,8.309671477900439
45.287593282799705,8.46804797718755
45.287593282799705,8.626424476474662
45.287593282799705,8.784800975761774
45.287593282799705,8.943177475048886
45.287593282799705,9.101553974335998
45.287593282799705,9.25993047362311
45.287593282799705,9.418306972910221
45.287593282799705,9.576683472197333
45.287593282799705,9.735059971484445
45.287593282799705,9.893436470771556
45.287593282799705,10.051812970058668
45.287593282799705,10.21018946934578
45.287593282799705,10.368565968632891
45.287593282799705,10.526942467920003
45.287593282799705,10.685318967207115
45.287593282799705,10.843695466494227
45.287593282799705,11.002071965781338
45.287593282799705,11.16044846506845
45.287593282799705,11.318824964355562
45.287593282799705,11.477201463642674
45.287593282799705,11.635577962929785
45.287593282799705,11.793954462216897
45.287593282799705,11.952330961504009
45.287593282799705,12.11070746079112
45.287593282799705,12.269083960078232
45.41474068969667,7.0426594836035505
45.41474068969667,7.201035982890661
45.41474068969667,7.359412482177772
45.41474068969667,7.517788981464883
45.41474068969667,7.676165480751994
45.41474068969667,7.834541980039105
45.41474068969667,7.992918479326216
45.41474068969667,8.151294978613327
45.41474068969667,8.309671477900439
45.41474068969667,8.46804797718755
45.41474068969667,8.626424476474662
45.41474068969667,8.784800975761774
45.41474068969667,8.943177475048886
45.41474068969667,9.101553974335998
45.41474068969667,9.25993047362311
45.41474068969667,9.418306972910221
45.41474068969667,9.576683472197333
45.41474068969667,9.735059971484445
45.41474068969667,9.893436470771556
45.41474068969667,10.051812970058668
45.41474068969667,10.21018946934578
45.41474068969667,10.368565968632891
45.41474068969667,10.526942467920003
45.41474068969667,10.685318967207115
45.41474068969667,10.843695466494227
45.41474068969667,11.002071965781338
45.41474068969667,11.16044846506845
45.41474068969667,11.318824964355562
45.41474068969667,11.477201463642674
45.41474068969667,11.635577962929785
45.41474068969667,11.793954462216897
45.41474068969667,11.952330961504009
45.41474068969667,12.11070746079112
45.41474068969667,12.269083960078232
45.41474068969667,12.427460459365344
45.41474068969667,12.585836958652456
45.54188809659364,6.88428298431644
45.54188809659364,7.0426594836035505
45.54188809659364,7.201035982890661
45.54188809659364,7.359412482177772
45.54188809659364,7.517788981464883
45.54188809659364,7.676165480751994
45.54188809659364,7.834541980039105
45.54188809659364,7.992918479326216
45.54188809659364,8.151294978613327
45.54188809659364,8.309671477900439
45.54188809659364,8.46804797718755
45.54188809659364,8.626424476474662
45.54188809659364,8.784800975761774
45.54188809659364,8.943177475048886
45.54188809659364,9.101553974335998
45.54188809659364,9.25993047362311
45.54188809659364,9.418306972910221
45.54188809659364,9.576683472197333
45.54188809659364,9.735059971484445
45.54188809659364,9.893436470771556
45.54188809659364,10.051812970058668
45.54188809659364,10.21018946934578
45.54188809659364,10.368565968632891
45.54188809659364,10.526942467920003
45.54188809659364,10.685318967207115
45.54188809659364,10.843695466494227
45.54188809659364,11.002071965781338
45.54188809659364,11.16044846506845
45.54188809659364,11.318824964355562
45.54188809659364,11.477201463642674
45.54188809659364,11.635577962929785
45.54188809659364,11.793954462216897
45.54188809659364,11.952330961504009
45.54188809659364,12.11070746079112
45.54188809659364,12.269083960078232
45.54188809659364,12.427460459365344
45.54188809659364,12.585836958652456
45.54188809659364,12.744213457939567
45.54188809659364,12.90258995722668
45.54188809659364,13.06096645651379
45.54188809659364,13.694472453662238
45.54188809659364,13.85284895294935
45.669035503490605,6.725906485029329
45.669035503490605,6.88428298431644
45.669035503490605,7.0426594836035505
45.669035503490605,7.201035982890661
45.669035503490605,7.359412482177772
45.669035503490605,7.517788981464883
45.669035503490605,7.676165480751994
45.669035503490605,7.834541980039105
45.669035503490605,7.992918479326216
45.669035503490605,8.151294978613327
45.669035503490605,8.309671477900439
45.669035503490605,8.46804797718755
45.669035503490605,8.626424476474662
45.669035503490605,8.784800975761774
45.669035503490605,8.943177475048886
45.669035503490605,9.101553974335998
45.669035503490605,9.25993047362311
45.669035503490605,9.418306972910221
45.669035503490605,9.576683472197333
45.669035503490605,9.735059971484445
45.669035503490605,9.893436470771556
45.669035503490605,10.051812970058668
45.669035503490605,10.21018946934578
45.669035503490605,10.368565968632891
45.669035503490605,10.526942467920003
45.669035503490605,10.685318967207115
45.669035503490605,10.843695466494227
45.669035503490605,11.002071965781338
45.669035503490605,11.16044846506845
45.669035503490605,11.318824964355562
45.669035503490605,11.477201463642674
45.669035503490605,11.635577962929785
45.669035503490605,11.793954462216897
45.669035503490605,11.952330961504009
45.669035503490605,12.11070746079112
45.669035503490605,12.269083960078232
45.669035503490605,12.427460459365344
45.669035503490605,12.585836958652456
45.669035503490605,12.744213457939567
45.669035503490605,12.90258995722668
45.669035503490605,13.06096645651379
45.669035503490605,13.219342955800903
45.669035503490605,13.377719455088014
45.669035503490605,13.536095954375126
45.669035503490605,13.694472453662238
45.669035503490605,13.85284895294935
45.669035503490605,14.011225452236461
45.79618291038757,6.725906485029329
45.79618291038757,6.88428298431644
45.79618291038757,7.0426594836035505
45.79618291038757,7.201035982890661
45.79618291038757,7.359412482177772
45.79618291038757,7.517788981464883
45.79618291038757,7.676165480751994
45.79618291038757,7.834541980039105
45.79618291038757,7.992918479326216
45.79618291038757,8.151294978613327
45.79618291038757,8.309671477900439
45.79618291038757,8.46804797718755
45.79618291038757,8.626424476474662
45.79618291038757,8.784800975761774
45.79618291038757,8.943177475048886
45.79618291038757,9.101553974335998
45.79618291038757,9.25993047362311
45.79618291038757,9.418306972910221
45.79618291038757,9.576683472197333
45.79618291038757,9.735059971484445
45.79618291038757,9.893436470771556
45.79618291038757,10.051812970058668
45.79618291038757,10.21018946934578
45.79618291038757,10.368565968632891
45.79618291038757,10.526942467920003
45.79618291038757,10.685318967207115
45.79618291038757,10.843695466494227
45.79618291038757,11.002071965781338
45.79618291038757,11.16044846506845
45.79618291038757,11.318824964355562
45.79618291038757,11.477201463642674
45.79618291038757,11.635577962929785
45.79618291038757,11.793954462216897
45.79618291038757,11.952330961504009
45.79618291038757,12.11070746079112
45.79618291038757,12.269083960078232
45.79618291038757,12.427460459365344
45.79618291038757,12.585836958652456
45.79618291038757,12.744213457939567
45.79618291038757,12.90258995722668
45.79618291038757,13.06096645651379
45.79618291038757,13.219342955800903
45.79618291038757,13.377719455088014
45.79618291038757,13.536095954375126
45.79618291038757,13.694472453662238
45.79618291038757,13.85284895294935
45.92333031728454,6.88428298431644
45.92333031728454,7.0426594836035505
45.92333031728454,7.201035982890661
45.92333031728454,7.359412482177772
45.92333031728454,7.517788981464883
45.92333031728454,7.676165480751994
45.92333031728454,7.834541980039105
45.92333031728454,7.992918479326216
45.92333031728454,8.151294978613327
45.92333031728454,8.309671477900439
45.92333031728454,8.46804797718755
45.92333031728454,8.626424476474662
45.92333031728454,8.784800975761774
45.92333031728454,8.943177475048886
45.92333031728454,9.101553974335998
45.92333031728454,9.25993047362311
45.92333031728454,9.418306972910221
45.92333031728454,9.576683472197333
45.92333031728454,9.735059971484445
45.92333031728454,9.893436470771556
45.92333031728454,10.051812970058668
45.92333031728454,10.21018946934578
45.92333031728454,10.368565968632891
45.92333031728454,10.526942467920003
45.92333031728454,10.685318967207115
45.92333031728454,10.843695466494227
45.92333031728454,11.002071965781338
45.92333031728454,11.16044846506845
45.92333031728454,11.318824964355562
45.92333031728454,11.477201463642674
45.92333031728454,11.635577962929785
45.92333031728454,11.793954462216897
45.92333031728454,11.952330961504009
45.92333031728454,12.11070746079112
45.92333031728454,12.269083960078232
45.92333031728454,12.427460459365344
45.92333031728454,12.585836958652456
45.92333031728454,12.744213457939567
45.92333031728454,12.90258995722668
45.92333031728454,13.06096645651379
45.92333031728454,13.219342955800903
45.92333031728454,13.377719455088014
45.92333031728454,13.536095954375126
45.92333031728454,13.694472453662238
46.050477724181505,7.0426594836035505
46.050477724181505,7.517788981464883
46.050477724181505,7.676165480751994
46.050477724181505,7.834541980039105
46.050477724181505,7.992918479326216
46.050477724181505,8.151294978613327
46.050477724181505,8.309671477900439
46.050477724181505,8.46804797718755
46.050477724181505,8.626424476474662
46.050477724181505,8.784800975761774
46.050477724181505,8.943177475048886
46.050477724181505,9.101553974335998
46.050477724181505,9.25993047362311
46.050477724181505,9.418306972910221
46.050477724181505,9.576683472197333
46.050477724181505,9.735059971484445
46.050477724181505,9.893436470771556
46.050477724181505,10.051812970058668
46.050477724181505,10.21018946934578
46.050477724181505,10.368565968632891
46.050477724181505,10.526942467920003
46.050477724181505,10.685318967207115
46.050477724181505,10.843695466494227
46.050477724181505,11.002071965781338
46.050477724181505,11.16044846506845
46.050477724181505,11.318824964355562
46.050477724181505,11.477201463642674
46.050477724181505,11.635577962929785
46.050477724181505,11.793954462216897
46.050477724181505,11.952330961504009
46.050477724181505,12.11070746079112
46.050477724181505,12.269083960078232
46.050477724181505,12.427460459365344
46.050477724181505,12.585836958652456
46.050477724181505,12.744213457939567
46.050477724181505,12.90258995722668
46.050477724181505,13.06096645651379
46.050477724181505,13.219342955800903
46.050477724181505,13.377719455088014
46.050477724181505,13.536095954375126
46.050477724181505,13.694472453662238
46.17762513107847,8.151294978613327
46.17762513107847,8.309671477900439
46.17762513107847,8.46804797718755
46.17762513107847,8.626424476474662
46.17762513107847,8.784800975761774
46.17762513107847,9.101553974335998
46.17762513107847,9.25993047362311
46.17762513107847,9.418306972910221
46.17762513107847,9.576683472197333
46.17762513107847,9.735059971484445
46.17762513107847,9.893436470771556
46.17762513107847,10.051812970058668
46.17762513107847,10.21018946934578
46.17762513107847,10.368565968632891
46.17762513107847,10.526942467920003
46.17762513107847,10.685318967207115
46.17762513107847,10.843695466494227
46.17762513107847,11.002071965781338
46.17762513107847,11.16044846506845
46.17762513107847,11.318824964355562
46.17762513107847,11.477201463642674
46.17762513107847,11.635577962929785
46.17762513107847,11.793954462216897
46.17762513107847,11.952330961504009
46.17762513107847,12.11070746079112
46.17762513107847,12.269083960078232
46.17762513107847,12.427460459365344
46.17762513107847,12.585836958652456
46.17762513107847,12.744213457939567
46.17762513107847,12.90258995722668
46.17762513107847,13.06096645651379
46.17762513107847,13.219342955800903
46.17762513107847,13.377719455088014
46.17762513107847,13.536095954375126
46.17762513107847,13.694472453662238
46.30477253797544,8.151294978613327
46.30477253797544,8.309671477900439
46.30477253797544,8.46804797718755
46.30477253797544,9.25993047362311
46.30477253797544,9.418306972910221
46.30477253797544,9.576683472197333
46.30477253797544,9.735059971484445
46.30477253797544,9.893436470771556
46.30477253797544,10.051812970058668
46.30477253797544,10.21018946934578
46.30477253797544,10.368565968632891
46.30477253797544,10.526942467920003
46.30477253797544,10.685318967207115
46.30477253797544,10.843695466494227
46.30477253797544,11.002071965781338
46.30477253797544,11.16044846506845
46.30477253797544,11.318824964355562
46.30477253797544,11.477201463642674
46.30477253797544,11.635577962929785
46.30477253797544,11.793954462216897
46.30477253797544,11.952330961504009
46.30477253797544,12.11070746079112
46.30477253797544,12.269083960078232
46.30477253797544,12.427460459365344
46.30477253797544,12.585836958652456
46.30477253797544,12.744213457939567
46.30477253797544,12.90258995722668
46.30477253797544,13.06096645651379
46.30477253797544,13.219342955800903
46.30477253797544,13.377719455088014
46.30477253797544,13.536095954375126
46.431919944872405,8.309671477900439
46.431919944872405,8.46804797718755
46.431919944872405,9.25993047362311
46.431919944872405,9.418306972910221
46.431919944872405,9.576683472197333
46.431919944872405,9.735059971484445
46.431919944872405,9.893436470771556
46.431919944872405,10.051812970058668
46.431919944872405,10.21018946934578
46.431919944872405,10.368565968632891
46.431919944872405,10.526942467920003
46.431919944872405,10.685318967207115
46.431919944872405,10.843695466494227
46.431919944872405,11.002071965781338
46.431919944872405,11.16044846506845
46.431919944872405,11.318824964355562
46.431919944872405,11.477201463642674
46.431919944872405,11.635577962929785
46.431919944872405,11.793954462216897
46.431919944872405,11.952330961504009
46.431919944872405,12.11070746079112
46.431919944872405,12.269083960078232
46.431919944872405,12.427460459365344
46.431919944872405,12.585836958652456
46.431919944872405,12.744213457939567
46.431919944872405,12.90258995722668
46.431919944872405,13.06096645651379
46.431919944872405,13.219342955800903
46.431919944872405,13.377719455088014
46.431919944872405,13.536095954375126
46.431919944872405,13.694472453662238
46.55906735176937,8.309671477900439
46.55906735176937,8.46804797718755
46.55906735176937,9.25993047362311
46.55906735176937,9.418306972910221
46.55906735176937,10.051812970058668
46.55906735176937,10.21018946934578
46.55906735176937,10.368565968632891
46.55906735176937,10.526942467920003
46.55906735176937,10.685318967207115
46.55906735176937,10.843695466494227
46.55906735176937,11.002071965781338
46.55906735176937,11.16044846506845
46.55906735176937,11.318824964355562
46.55906735176937,11.477201463642674
46.55906735176937,11.635577962929785
46.55906735176937,11.793954462216897
46.55906735176937,11.952330961504009
46.55906735176937,12.11070746079112
46.55906735176937,12.269083960078232
46.55906735176937,12.427460459365344
46.55906735176937,12.585836958652456
46.55906735176937,12.744213457939567
46.55906735176937,12.90258995722668
46.55906735176937,13.06096645651379
46.55906735176937,13.219342955800903
46.55906735176937,13.377719455088014
46.55906735176937,13.536095954375126
46.55906735176937,13.694472453662238
46.68621475866634,10.051812970058668
46.68621475866634,10.21018946934578
46.68621475866634,10.368565968632891
46.68621475866634,10.526942467920003
46.68621475866634,10.685318967207115
46.68621475866634,10.843695466494227
46.68621475866634,11.002071965781338
46.68621475866634,11.16044846506845
46.68621475866634,11.318824964355562
46.68621475866634,11.477201463642674
46.68621475866634,11.635577962929785
46.68621475866634,11.793954462216897
46.68621475866634,11.952330961504009
46.68621475866634,12.11070746079112
46.68621475866634,12.269083960078232
46.68621475866634,12.427460459365344
46.68621475866634,12.585836958652456
46.68621475866634,12.744213457939567
46.68621475866634,12.90258995722668
46.68621475866634,13.06096645651379
46.68621475866634,13.219342955800903
46.813362165563305,10.368565968632891
46.813362165563305,10.526942467920003
46.813362165563305,10.685318967207115
46.813362165563305,10.843695466494227
46.813362165563305,11.002071965781338
46.813362165563305,11.16044846506845
46.813362165563305,11.318824964355562
46.813362165563305,11.477201463642674
46.813362165563305,11.635577962929785
46.813362165563305,11.793954462216897
46.813362165563305,11.952330961504009
46.813362165563305,12.11070746079112
46.813362165563305,12.269083960078232
46.813362165563305,12.427460459365344
46.94050957246027,10.526942467920003
46.94050957246027,10.685318967207115
46.94050957246027,11.002071965781338
46.94050957246027,11.16044846506845
46.94050957246027,11.318824964355562
46.94050957246027,11.477201463642674
46.94050957246027,11.635577962929785
46.94050957246027,11.793954462216897
46.94050957246027,11.952330961504009
46.94050957246027,12.11070746079112
46.94050957246027,12.269083960078232
47.06765697935724,11.16044846506845
47.06765697935724,11.318824964355562
47.06765697935724,11.477201463642674
47.06765697935724,11.635577962929785
47.06765697935724,11.793954462216897
47.06765697935724,11.952330961504009
47.06765697935724,12.11070746079112
47.06765697935724,12.269083960078232
47.194804386254205,12.11070746079112
47.194804386254205,12.269083960078232
