id,latitude,longitude,state
1,38.4553731216,-82.7453084304,WV
2,37.6013001758,-82.1193210179,WV
3,39.2994539127,-82.1193210179,WV
4,36.7373087942,-81.4933336054,WV
5,38.4553731216,-81.4933336054,WV
6,37.6013001758,-80.8673461929,WV
7,39.2994539127,-80.8673461929,WV
8,38.4553731216,-80.2413587804,WV
9,40.1334784172,-80.2413587804,WV
10,37.6013001758,-79.615371368,WV
11,39.2994539127,-79.615371368,WV
12,38.4553731216,-78.9893839555,WV
13,40.1334784172,-78.9893839555,WV
14,39.2994539127,-78.363396543,WV
15,40.1334784172,-77.7374091305,WV
16,39.2994539127,-77.1114217181,WV
17,40.9573918408,-80.8673461929,WV
18,31.3504663348,-87.7532077302,FL
19,30.4199614312,-87.1272203177,FL
20,31.3504663348,-86.5012329052,FL
21,30.4199614312,-85.8752454927,FL
22,31.3504663348,-85.2492580803,FL
23,29.4804982137,-85.2492580803,FL
24,30.4199614312,-84.6232706678,FL
25,29.4804982137,-83.9972832553,FL
26,30.4199614312,-83.3712958428,FL
27,28.5322454077,-83.3712958428,FL
28,24.6551039069,-83.3712958428,FL
29,29.4804982137,-82.7453084304,FL
30,27.5753829005,-82.7453084304,FL
31,30.4199614312,-82.1193210179,FL
32,28.5322454077,-82.1193210179,FL
33,26.6101017711,-82.1193210179,FL
34,24.6551039069,-82.1193210179,FL
35,31.3504663348,-81.4933336054,FL
36,29.4804982137,-81.4933336054,FL
37,27.5753829005,-81.4933336054,FL
38,25.6366042932,-81.4933336054,FL
39,30.4199614312,-80.8673461929,FL
40,28.5322454077,-80.8673461929,FL
41,26.6101017711,-80.8673461929,FL
42,24.6551039069,-80.8673461929,FL
43,27.5753829005,-80.2413587804,FL
44,25.6366042932,-80.2413587804,FL
45,26.6101017711,-79.615371368,FL
46,40.1334784172,-91.509132205,IL
47,39.2994539127,-90.8831447926,IL
48,38.4553731216,-90.2571573801,IL
49,40.1334784172,-90.2571573801,IL
50,37.6013001758,-89.6311699676,IL
51,39.2994539127,-89.6311699676,IL
52,36.7373087942,-89.0051825551,IL
53,38.4553731216,-89.0051825551,IL
54,40.1334784172,-89.0051825551,IL
55,37.6013001758,-88.3791951427,IL
56,39.2994539127,-88.3791951427,IL
57,38.4553731216,-87.7532077302,IL
58,40.1334784172,-87.7532077302,IL
59,39.2994539127,-87.1272203177,IL
60,41.7711484667,-91.509132205,IL
61,42.5747113871,-90.8831447926,IL
62,40.9573918408,-90.8831447926,IL
63,41.7711484667,-90.2571573801,IL
64,42.5747113871,-89.6311699676,IL
65,40.9573918408,-89.6311699676,IL
66,41.7711484667,-89.0051825551,IL
67,42.5747113871,-88.3791951427,IL
68,40.9573918408,-88.3791951427,IL
69,41.7711484667,-87.7532077302,IL
70,42.5747113871,-87.1272203177,IL
71,40.9573918408,-87.1272203177,IL
72,41.7711484667,-86.5012329052,IL
73,47.9128475487,-97.7690063298,MN
74,48.6344957093,-97.1430189173,MN
75,47.1809933804,-97.1430189173,MN
76,49.3459673056,-96.5170315049,MN
77,47.9128475487,-96.5170315049,MN
78,46.4389099588,-96.5170315049,MN
79,48.6344957093,-95.8910440924,MN
80,47.1809933804,-95.8910440924,MN
81,49.3459673056,-95.2650566799,MN
82,47.9128475487,-95.2650566799,MN
83,46.4389099588,-95.2650566799,MN
84,48.6344957093,-94.6390692674,MN
85,47.1809933804,-94.6390692674,MN
86,47.9128475487,-94.013081855,MN
87,46.4389099588,-94.013081855,MN
88,45.6865805297,-97.1430189173,MN
89,44.1511508606,-97.1430189173,MN
90,44.9239951255,-96.5170315049,MN
91,43.3680522268,-96.5170315049,MN
92,45.6865805297,-95.8910440924,MN
93,44.1511508606,-95.8910440924,MN
94,48.6344957093,-93.3870944425,MN
95,47.1809933804,-93.3870944425,MN
96,47.9128475487,-92.76110703,MN
97,46.4389099588,-92.76110703,MN
98,48.6344957093,-92.1351196175,MN
99,47.1809933804,-92.1351196175,MN
100,47.9128475487,-91.509132205,MN
101,46.4389099588,-91.509132205,MN
102,48.6344957093,-90.8831447926,MN
103,47.1809933804,-90.8831447926,MN
104,47.9128475487,-90.2571573801,MN
105,47.1809933804,-89.6311699676,MN
106,47.9128475487,-89.0051825551,MN
107,44.9239951255,-95.2650566799,MN
108,43.3680522268,-95.2650566799,MN
109,45.6865805297,-94.6390692674,MN
110,44.1511508606,-94.6390692674,MN
111,44.9239951255,-94.013081855,MN
112,43.3680522268,-94.013081855,MN
113,45.6865805297,-93.3870944425,MN
114,44.1511508606,-93.3870944425,MN
115,44.9239951255,-92.76110703,MN
116,43.3680522268,-92.76110703,MN
117,45.6865805297,-92.1351196175,MN
118,44.1511508606,-92.1351196175,MN
119,43.3680522268,-91.509132205,MN
120,44.1511508606,-90.8831447926,MN
121,39.2994539127,-79.615371368,MD
122,40.1334784172,-78.9893839555,MD
123,39.2994539127,-78.363396543,MD
124,38.4553731216,-77.7374091305,MD
125,40.1334784172,-77.7374091305,MD
126,39.2994539127,-77.1114217181,MD
127,40.1334784172,-76.4854343056,MD
128,38.4553731216,-76.4854343056,MD
129,39.2994539127,-75.8594468931,MD
130,37.6013001758,-75.8594468931,MD
131,38.4553731216,-75.2334594806,MD
132,40.9573918408,-72.1035224182,RI
133,41.7711484667,-71.4775350058,RI
134,40.9573918408,-70.8515475933,RI
135,47.1809933804,-117.1746161166,ID
136,48.6344957093,-117.1746161166,ID
137,46.4389099588,-116.5486287041,ID
138,47.9128475487,-116.5486287041,ID
139,49.3459673056,-116.5486287041,ID
140,47.1809933804,-115.9226412917,ID
141,48.6344957093,-115.9226412917,ID
142,45.6865805297,-117.1746161166,ID
143,44.1511508606,-117.1746161166,ID
144,43.3680522268,-116.5486287041,ID
145,44.9239951255,-116.5486287041,ID
146,45.6865805297,-115.9226412917,ID
147,44.1511508606,-115.9226412917,ID
148,43.3680522268,-115.2966538792,ID
149,44.9239951255,-115.2966538792,ID
150,44.1511508606,-114.6706664667,ID
151,45.6865805297,-114.6706664667,ID
152,42.5747113871,-117.1746161166,ID
153,41.7711484667,-116.5486287041,ID
154,42.5747113871,-115.9226412917,ID
155,41.7711484667,-115.2966538792,ID
156,42.5747113871,-114.6706664667,ID
157,41.7711484667,-114.0446790542,ID
158,42.5747113871,-113.4186916418,ID
159,41.7711484667,-112.7927042293,ID
160,42.5747113871,-112.1667168168,ID
161,41.7711484667,-111.5407294043,ID
162,46.4389099588,-115.2966538792,ID
163,47.9128475487,-115.2966538792,ID
164,47.1809933804,-114.6706664667,ID
165,46.4389099588,-114.0446790542,ID
166,44.9239951255,-114.0446790542,ID
167,43.3680522268,-114.0446790542,ID
168,44.1511508606,-113.4186916418,ID
169,45.6865805297,-113.4186916418,ID
170,44.9239951255,-112.7927042293,ID
171,43.3680522268,-112.7927042293,ID
172,44.1511508606,-112.1667168168,ID
173,43.3680522268,-111.5407294043,ID
174,44.9239951255,-111.5407294043,ID
175,44.1511508606,-110.9147419918,ID
176,42.5747113871,-110.9147419918,ID
177,42.5747113871,-72.1035224182,NH
178,42.5747113871,-70.8515475933,NH
179,43.3680522268,-72.7295098307,NH
180,44.1511508606,-72.1035224182,NH
181,44.9239951255,-71.4775350058,NH
182,43.3680522268,-71.4775350058,NH
183,45.6865805297,-70.8515475933,NH
184,44.1511508606,-70.8515475933,NH
185,43.3680522268,-70.2255601808,NH
186,34.9799149436,-83.9972832553,NC
187,35.8634825198,-83.3712958428,NC
188,34.9799149436,-82.7453084304,NC
189,35.8634825198,-82.1193210179,NC
190,34.9799149436,-81.4933336054,NC
191,35.8634825198,-80.8673461929,NC
192,34.9799149436,-80.2413587804,NC
193,34.0867099135,-79.615371368,NC
194,35.8634825198,-79.615371368,NC
195,34.9799149436,-78.9893839555,NC
196,35.8634825198,-78.363396543,NC
197,34.0867099135,-78.363396543,NC
198,34.9799149436,-77.7374091305,NC
199,35.8634825198,-77.1114217181,NC
200,34.0867099135,-77.1114217181,NC
201,34.9799149436,-76.4854343056,NC
202,35.8634825198,-75.8594468931,NC
203,34.9799149436,-75.2334594806,NC
204,36.7373087942,-81.4933336054,NC
205,36.7373087942,-80.2413587804,NC
206,36.7373087942,-78.9893839555,NC
207,36.7373087942,-77.7374091305,NC
208,36.7373087942,-76.4854343056,NC
209,36.7373087942,-75.2334594806,NC
210,42.5747113871,-73.3554972432,VT
211,42.5747113871,-72.1035224182,VT
212,44.9239951255,-73.9814846557,VT
213,43.3680522268,-73.9814846557,VT
214,44.1511508606,-73.3554972432,VT
215,44.9239951255,-72.7295098307,VT
216,43.3680522268,-72.7295098307,VT
217,44.1511508606,-72.1035224182,VT
218,44.9239951255,-71.4775350058,VT
219,41.7711484667,-73.9814846557,CT
220,42.5747113871,-73.3554972432,CT
221,40.9573918408,-73.3554972432,CT
222,41.7711484667,-72.7295098307,CT
223,40.9573918408,-72.1035224182,CT
224,41.7711484667,-71.4775350058,CT
225,39.2994539127,-75.8594468931,DE
226,40.1334784172,-75.2334594806,DE
227,38.4553731216,-75.2334594806,DE
228,39.2994539127,-74.6074720682,DE
229,34.0867099135,-109.6627671669,NM
230,32.2718553014,-109.6627671669,NM
231,35.8634825198,-109.6627671669,NM
232,33.1839817263,-109.0367797544,NM
233,31.3504663348,-109.0367797544,NM
234,34.9799149436,-109.0367797544,NM
235,34.0867099135,-108.4107923419,NM
236,32.2718553014,-108.4107923419,NM
237,35.8634825198,-108.4107923419,NM
238,36.7373087942,-109.0367797544,NM
239,36.7373087942,-107.7848049295,NM
240,36.7373087942,-106.5328301045,NM
241,36.7373087942,-105.2808552796,NM
242,31.3504663348,-107.7848049295,NM
243,33.1839817263,-107.7848049295,NM
244,32.2718553014,-107.158817517,NM
245,31.3504663348,-106.5328301045,NM
246,33.1839817263,-106.5328301045,NM
247,32.2718553014,-105.906842692,NM
248,33.1839817263,-105.2808552796,NM
249,32.2718553014,-104.6548678671,NM
250,33.1839817263,-104.0288804546,NM
251,32.2718553014,-103.4028930421,NM
252,33.1839817263,-102.7769056296,NM
253,34.9799149436,-107.7848049295,NM
254,34.0867099135,-107.158817517,NM
255,35.8634825198,-107.158817517,NM
256,34.9799149436,-106.5328301045,NM
257,34.0867099135,-105.906842692,NM
258,35.8634825198,-105.906842692,NM
259,34.9799149436,-105.2808552796,NM
260,34.0867099135,-104.6548678671,NM
261,35.8634825198,-104.6548678671,NM
262,34.9799149436,-104.0288804546,NM
263,34.0867099135,-103.4028930421,NM
264,35.8634825198,-103.4028930421,NM
265,34.9799149436,-102.7769056296,NM
266,36.7373087942,-104.0288804546,NM
267,36.7373087942,-102.7769056296,NM
268,40.9573918408,-124.6864650664,CA
269,41.7711484667,-124.0604776539,CA
270,40.9573918408,-123.4344902414,CA
271,41.7711484667,-122.8085028289,CA
272,40.9573918408,-122.1825154164,CA
273,41.7711484667,-121.556528004,CA
274,40.9573918408,-120.9305405915,CA
275,41.7711484667,-120.304553179,CA
276,40.9573918408,-119.6785657665,CA
277,38.4553731216,-124.0604776539,CA
278,40.1334784172,-124.0604776539,CA
279,37.6013001758,-123.4344902414,CA
280,39.2994539127,-123.4344902414,CA
281,36.7373087942,-122.8085028289,CA
282,38.4553731216,-122.8085028289,CA
283,40.1334784172,-122.8085028289,CA
284,37.6013001758,-122.1825154164,CA
285,39.2994539127,-122.1825154164,CA
286,36.7373087942,-121.556528004,CA
287,38.4553731216,-121.556528004,CA
288,40.1334784172,-121.556528004,CA
289,37.6013001758,-120.9305405915,CA
290,39.2994539127,-120.9305405915,CA
291,36.7373087942,-120.304553179,CA
292,38.4553731216,-120.304553179,CA
293,40.1334784172,-120.304553179,CA
294,37.6013001758,-119.6785657665,CA
295,39.2994539127,-119.6785657665,CA
296,36.7373087942,-119.0525783541,CA
297,38.4553731216,-119.0525783541,CA
298,35.8634825198,-122.1825154164,CA
299,34.0867099135,-120.9305405915,CA
300,35.8634825198,-120.9305405915,CA
301,34.9799149436,-120.304553179,CA
302,34.0867099135,-119.6785657665,CA
303,35.8634825198,-119.6785657665,CA
304,33.1839817263,-119.0525783541,CA
305,34.9799149436,-119.0525783541,CA
306,32.2718553014,-118.4265909416,CA
307,34.0867099135,-118.4265909416,CA
308,35.8634825198,-118.4265909416,CA
309,33.1839817263,-117.8006035291,CA
310,34.9799149436,-117.8006035291,CA
311,32.2718553014,-117.1746161166,CA
312,34.0867099135,-117.1746161166,CA
313,35.8634825198,-117.1746161166,CA
314,33.1839817263,-116.5486287041,CA
315,34.9799149436,-116.5486287041,CA
316,34.0867099135,-115.9226412917,CA
317,32.2718553014,-115.9226412917,CA
318,35.8634825198,-115.9226412917,CA
319,33.1839817263,-115.2966538792,CA
320,34.9799149436,-115.2966538792,CA
321,34.0867099135,-114.6706664667,CA
322,32.2718553014,-114.6706664667,CA
323,37.6013001758,-118.4265909416,CA
324,36.7373087942,-117.8006035291,CA
325,37.6013001758,-117.1746161166,CA
326,36.7373087942,-116.5486287041,CA
327,33.1839817263,-114.0446790542,CA
328,34.9799149436,-114.0446790542,CA
329,39.2994539127,-75.8594468931,NJ
330,40.1334784172,-75.2334594806,NJ
331,38.4553731216,-75.2334594806,NJ
332,39.2994539127,-74.6074720682,NJ
333,40.1334784172,-73.9814846557,NJ
334,40.9573918408,-75.8594468931,NJ
335,40.9573918408,-74.6074720682,NJ
336,40.9573918408,-73.3554972432,NJ
337,46.4389099588,-92.76110703,WI
338,47.1809933804,-92.1351196175,WI
339,46.4389099588,-91.509132205,WI
340,47.1809933804,-90.8831447926,WI
341,46.4389099588,-90.2571573801,WI
342,47.1809933804,-89.6311699676,WI
343,46.4389099588,-89.0051825551,WI
344,45.6865805297,-93.3870944425,WI
345,44.9239951255,-92.76110703,WI
346,45.6865805297,-92.1351196175,WI
347,44.1511508606,-92.1351196175,WI
348,44.9239951255,-91.509132205,WI
349,43.3680522268,-91.509132205,WI
350,45.6865805297,-90.8831447926,WI
351,44.1511508606,-90.8831447926,WI
352,44.9239951255,-90.2571573801,WI
353,43.3680522268,-90.2571573801,WI
354,45.6865805297,-89.6311699676,WI
355,44.1511508606,-89.6311699676,WI
356,42.5747113871,-90.8831447926,WI
357,42.5747113871,-89.6311699676,WI
358,42.5747113871,-88.3791951427,WI
359,44.9239951255,-89.0051825551,WI
360,43.3680522268,-89.0051825551,WI
361,45.6865805297,-88.3791951427,WI
362,44.1511508606,-88.3791951427,WI
363,44.9239951255,-87.7532077302,WI
364,43.3680522268,-87.7532077302,WI
365,45.6865805297,-87.1272203177,WI
366,44.1511508606,-87.1272203177,WI
367,44.9239951255,-86.5012329052,WI
368,43.3680522268,-86.5012329052,WI
369,42.5747113871,-87.1272203177,WI
370,45.6865805297,-124.6864650664,OR
371,46.4389099588,-124.0604776539,OR
372,45.6865805297,-123.4344902414,OR
373,46.4389099588,-122.8085028289,OR
374,45.6865805297,-122.1825154164,OR
375,45.6865805297,-120.9305405915,OR
376,42.5747113871,-124.6864650664,OR
377,44.1511508606,-124.6864650664,OR
378,41.7711484667,-124.0604776539,OR
379,43.3680522268,-124.0604776539,OR
380,44.9239951255,-124.0604776539,OR
381,42.5747113871,-123.4344902414,OR
382,44.1511508606,-123.4344902414,OR
383,41.7711484667,-122.8085028289,OR
384,43.3680522268,-122.8085028289,OR
385,44.9239951255,-122.8085028289,OR
386,42.5747113871,-122.1825154164,OR
387,44.1511508606,-122.1825154164,OR
388,41.7711484667,-121.556528004,OR
389,43.3680522268,-121.556528004,OR
390,44.9239951255,-121.556528004,OR
391,42.5747113871,-120.9305405915,OR
392,44.1511508606,-120.9305405915,OR
393,41.7711484667,-120.304553179,OR
394,43.3680522268,-120.304553179,OR
395,42.5747113871,-119.6785657665,OR
396,41.7711484667,-119.0525783541,OR
397,44.1511508606,-119.6785657665,OR
398,46.4389099588,-119.0525783541,OR
399,46.4389099588,-117.8006035291,OR
400,44.9239951255,-120.304553179,OR
401,45.6865805297,-119.6785657665,OR
402,44.9239951255,-119.0525783541,OR
403,43.3680522268,-119.0525783541,OR
404,44.1511508606,-118.4265909416,OR
405,45.6865805297,-118.4265909416,OR
406,43.3680522268,-117.8006035291,OR
407,44.9239951255,-117.8006035291,OR
408,45.6865805297,-117.1746161166,OR
409,44.1511508606,-117.1746161166,OR
410,43.3680522268,-116.5486287041,OR
411,44.9239951255,-116.5486287041,OR
412,45.6865805297,-115.9226412917,OR
413,42.5747113871,-118.4265909416,OR
414,41.7711484667,-117.8006035291,OR
415,42.5747113871,-117.1746161166,OR
416,41.7711484667,-116.5486287041,OR
417,42.5747113871,-104.6548678671,NE
418,40.9573918408,-104.6548678671,NE
419,41.7711484667,-104.0288804546,NE
420,42.5747113871,-103.4028930421,NE
421,40.9573918408,-103.4028930421,NE
422,43.3680522268,-104.0288804546,NE
423,43.3680522268,-102.7769056296,NE
424,40.1334784172,-101.5249308047,NE
425,40.1334784172,-100.2729559797,NE
426,41.7711484667,-102.7769056296,NE
427,42.5747113871,-102.1509182172,NE
428,40.9573918408,-102.1509182172,NE
429,41.7711484667,-101.5249308047,NE
430,42.5747113871,-100.8989433922,NE
431,40.9573918408,-100.8989433922,NE
432,41.7711484667,-100.2729559797,NE
433,42.5747113871,-99.6469685673,NE
434,40.9573918408,-99.6469685673,NE
435,41.7711484667,-99.0209811548,NE
436,42.5747113871,-98.3949937423,NE
437,40.9573918408,-98.3949937423,NE
438,41.7711484667,-97.7690063298,NE
439,42.5747113871,-97.1430189173,NE
440,40.9573918408,-97.1430189173,NE
441,41.7711484667,-96.5170315049,NE
442,42.5747113871,-95.8910440924,NE
443,40.9573918408,-95.8910440924,NE
444,43.3680522268,-101.5249308047,NE
445,43.3680522268,-100.2729559797,NE
446,43.3680522268,-99.0209811548,NE
447,43.3680522268,-97.7690063298,NE
448,40.1334784172,-99.0209811548,NE
449,40.1334784172,-97.7690063298,NE
450,40.1334784172,-96.5170315049,NE
451,40.1334784172,-95.2650566799,NE
452,39.2994539127,-80.8673461929,PA
453,40.1334784172,-80.2413587804,PA
454,39.2994539127,-79.615371368,PA
455,40.1334784172,-78.9893839555,PA
456,39.2994539127,-78.363396543,PA
457,40.1334784172,-77.7374091305,PA
458,39.2994539127,-77.1114217181,PA
459,40.1334784172,-76.4854343056,PA
460,39.2994539127,-75.8594468931,PA
461,40.1334784172,-75.2334594806,PA
462,40.9573918408,-80.8673461929,PA
463,41.7711484667,-80.2413587804,PA
464,42.5747113871,-79.615371368,PA
465,40.9573918408,-79.615371368,PA
466,41.7711484667,-78.9893839555,PA
467,40.9573918408,-78.363396543,PA
468,41.7711484667,-77.7374091305,PA
469,40.9573918408,-77.1114217181,PA
470,41.7711484667,-76.4854343056,PA
471,40.9573918408,-75.8594468931,PA
472,41.7711484667,-75.2334594806,PA
473,40.9573918408,-74.6074720682,PA
474,47.9128475487,-125.3124524788,WA
475,47.1809933804,-124.6864650664,WA
476,48.6344957093,-124.6864650664,WA
477,46.4389099588,-124.0604776539,WA
478,47.9128475487,-124.0604776539,WA
479,45.6865805297,-123.4344902414,WA
480,47.1809933804,-123.4344902414,WA
481,48.6344957093,-123.4344902414,WA
482,46.4389099588,-122.8085028289,WA
483,47.9128475487,-122.8085028289,WA
484,49.3459673056,-122.8085028289,WA
485,45.6865805297,-122.1825154164,WA
486,47.1809933804,-122.1825154164,WA
487,48.6344957093,-122.1825154164,WA
488,46.4389099588,-121.556528004,WA
489,47.9128475487,-121.556528004,WA
490,49.3459673056,-121.556528004,WA
491,45.6865805297,-120.9305405915,WA
492,47.1809933804,-120.9305405915,WA
493,48.6344957093,-120.9305405915,WA
494,46.4389099588,-120.304553179,WA
495,47.9128475487,-120.304553179,WA
496,49.3459673056,-120.304553179,WA
497,47.1809933804,-119.6785657665,WA
498,48.6344957093,-119.6785657665,WA
499,46.4389099588,-119.0525783541,WA
500,47.9128475487,-119.0525783541,WA
501,49.3459673056,-119.0525783541,WA
502,47.1809933804,-118.4265909416,WA
503,48.6344957093,-118.4265909416,WA
504,46.4389099588,-117.8006035291,WA
505,47.9128475487,-117.8006035291,WA
506,49.3459673056,-117.8006035291,WA
507,47.1809933804,-117.1746161166,WA
508,48.6344957093,-117.1746161166,WA
509,46.4389099588,-116.5486287041,WA
510,47.9128475487,-116.5486287041,WA
511,49.3459673056,-116.5486287041,WA
512,45.6865805297,-119.6785657665,WA
513,45.6865805297,-118.4265909416,WA
514,45.6865805297,-117.1746161166,WA
515,32.2718553014,-94.6390692674,LA
516,33.1839817263,-94.013081855,LA
517,31.3504663348,-94.013081855,LA
518,29.4804982137,-94.013081855,LA
519,32.2718553014,-93.3870944425,LA
520,30.4199614312,-93.3870944425,LA
521,33.1839817263,-92.76110703,LA
522,31.3504663348,-92.76110703,LA
523,29.4804982137,-92.76110703,LA
524,32.2718553014,-92.1351196175,LA
525,30.4199614312,-92.1351196175,LA
526,33.1839817263,-91.509132205,LA
527,31.3504663348,-91.509132205,LA
528,29.4804982137,-91.509132205,LA
529,32.2718553014,-90.8831447926,LA
530,30.4199614312,-90.8831447926,LA
531,28.5322454077,-90.8831447926,LA
532,31.3504663348,-90.2571573801,LA
533,29.4804982137,-90.2571573801,LA
534,30.4199614312,-89.6311699676,LA
535,28.5322454077,-89.6311699676,LA
536,29.4804982137,-89.0051825551,LA
537,30.4199614312,-88.3791951427,LA
538,33.1839817263,-85.2492580803,GA
539,31.3504663348,-85.2492580803,GA
540,32.2718553014,-84.6232706678,GA
541,30.4199614312,-84.6232706678,GA
542,33.1839817263,-83.9972832553,GA
543,31.3504663348,-83.9972832553,GA
544,32.2718553014,-83.3712958428,GA
545,30.4199614312,-83.3712958428,GA
546,33.1839817263,-82.7453084304,GA
547,31.3504663348,-82.7453084304,GA
548,32.2718553014,-82.1193210179,GA
549,30.4199614312,-82.1193210179,GA
550,33.1839817263,-81.4933336054,GA
551,31.3504663348,-81.4933336054,GA
552,32.2718553014,-80.8673461929,GA
553,30.4199614312,-80.8673461929,GA
554,34.0867099135,-85.8752454927,GA
555,34.9799149436,-85.2492580803,GA
556,34.0867099135,-84.6232706678,GA
557,34.9799149436,-83.9972832553,GA
558,34.0867099135,-83.3712958428,GA
559,34.9799149436,-82.7453084304,GA
560,34.0867099135,-82.1193210179,GA
561,33.1839817263,-89.0051825551,AL
562,31.3504663348,-89.0051825551,AL
563,32.2718553014,-88.3791951427,AL
564,30.4199614312,-88.3791951427,AL
565,33.1839817263,-87.7532077302,AL
566,31.3504663348,-87.7532077302,AL
567,32.2718553014,-87.1272203177,AL
568,30.4199614312,-87.1272203177,AL
569,33.1839817263,-86.5012329052,AL
570,31.3504663348,-86.5012329052,AL
571,32.2718553014,-85.8752454927,AL
572,30.4199614312,-85.8752454927,AL
573,33.1839817263,-85.2492580803,AL
574,31.3504663348,-85.2492580803,AL
575,32.2718553014,-84.6232706678,AL
576,34.0867099135,-88.3791951427,AL
577,34.9799149436,-87.7532077302,AL
578,34.0867099135,-87.1272203177,AL
579,34.9799149436,-86.5012329052,AL
580,34.0867099135,-85.8752454927,AL
581,34.9799149436,-85.2492580803,AL
582,37.6013001758,-114.6706664667,UT
583,39.2994539127,-114.6706664667,UT
584,40.9573918408,-114.6706664667,UT
585,41.7711484667,-114.0446790542,UT
586,40.9573918408,-113.4186916418,UT
587,41.7711484667,-112.7927042293,UT
588,40.9573918408,-112.1667168168,UT
589,41.7711484667,-111.5407294043,UT
590,36.7373087942,-114.0446790542,UT
591,38.4553731216,-114.0446790542,UT
592,40.1334784172,-114.0446790542,UT
593,37.6013001758,-113.4186916418,UT
594,39.2994539127,-113.4186916418,UT
595,36.7373087942,-112.7927042293,UT
596,38.4553731216,-112.7927042293,UT
597,40.1334784172,-112.7927042293,UT
598,37.6013001758,-112.1667168168,UT
599,39.2994539127,-112.1667168168,UT
600,36.7373087942,-111.5407294043,UT
601,38.4553731216,-111.5407294043,UT
602,40.1334784172,-111.5407294043,UT
603,37.6013001758,-110.9147419918,UT
604,39.2994539127,-110.9147419918,UT
605,36.7373087942,-110.2887545794,UT
606,38.4553731216,-110.2887545794,UT
607,40.1334784172,-110.2887545794,UT
608,37.6013001758,-109.6627671669,UT
609,39.2994539127,-109.6627671669,UT
610,40.9573918408,-110.9147419918,UT
611,40.9573918408,-109.6627671669,UT
612,40.9573918408,-108.4107923419,UT
613,36.7373087942,-109.0367797544,UT
614,38.4553731216,-109.0367797544,UT
615,40.1334784172,-109.0367797544,UT
616,37.6013001758,-108.4107923419,UT
617,39.2994539127,-108.4107923419,UT
618,40.1334784172,-85.2492580803,OH
619,39.2994539127,-84.6232706678,OH
620,38.4553731216,-83.9972832553,OH
621,40.1334784172,-83.9972832553,OH
622,39.2994539127,-83.3712958428,OH
623,38.4553731216,-82.7453084304,OH
624,40.1334784172,-82.7453084304,OH
625,39.2994539127,-82.1193210179,OH
626,38.4553731216,-81.4933336054,OH
627,40.1334784172,-81.4933336054,OH
628,39.2994539127,-80.8673461929,OH
629,40.1334784172,-80.2413587804,OH
630,41.7711484667,-85.2492580803,OH
631,40.9573918408,-84.6232706678,OH
632,41.7711484667,-83.9972832553,OH
633,40.9573918408,-83.3712958428,OH
634,41.7711484667,-82.7453084304,OH
635,40.9573918408,-82.1193210179,OH
636,41.7711484667,-81.4933336054,OH
637,40.9573918408,-80.8673461929,OH
638,41.7711484667,-80.2413587804,OH
639,32.2718553014,-107.158817517,TX
640,31.3504663348,-106.5328301045,TX
641,30.4199614312,-105.906842692,TX
642,32.2718553014,-105.906842692,TX
643,31.3504663348,-105.2808552796,TX
644,30.4199614312,-104.6548678671,TX
645,32.2718553014,-104.6548678671,TX
646,29.4804982137,-104.0288804546,TX
647,31.3504663348,-104.0288804546,TX
648,28.5322454077,-103.4028930421,TX
649,30.4199614312,-103.4028930421,TX
650,32.2718553014,-103.4028930421,TX
651,29.4804982137,-102.7769056296,TX
652,31.3504663348,-102.7769056296,TX
653,33.1839817263,-102.7769056296,TX
654,30.4199614312,-102.1509182172,TX
655,32.2718553014,-102.1509182172,TX
656,34.0867099135,-103.4028930421,TX
657,35.8634825198,-103.4028930421,TX
658,34.9799149436,-102.7769056296,TX
659,34.0867099135,-102.1509182172,TX
660,35.8634825198,-102.1509182172,TX
661,34.9799149436,-101.5249308047,TX
662,34.0867099135,-100.8989433922,TX
663,35.8634825198,-100.8989433922,TX
664,34.9799149436,-100.2729559797,TX
665,36.7373087942,-102.7769056296,TX
666,36.7373087942,-101.5249308047,TX
667,36.7373087942,-100.2729559797,TX
668,29.4804982137,-101.5249308047,TX
669,31.3504663348,-101.5249308047,TX
670,33.1839817263,-101.5249308047,TX
671,28.5322454077,-100.8989433922,TX
672,30.4199614312,-100.8989433922,TX
673,32.2718553014,-100.8989433922,TX
674,27.5753829005,-100.2729559797,TX
675,29.4804982137,-100.2729559797,TX
676,31.3504663348,-100.2729559797,TX
677,33.1839817263,-100.2729559797,TX
678,32.2718553014,-99.6469685673,TX
679,30.4199614312,-99.6469685673,TX
680,28.5322454077,-99.6469685673,TX
681,26.6101017711,-99.6469685673,TX
682,33.1839817263,-99.0209811548,TX
683,31.3504663348,-99.0209811548,TX
684,29.4804982137,-99.0209811548,TX
685,27.5753829005,-99.0209811548,TX
686,32.2718553014,-98.3949937423,TX
687,30.4199614312,-98.3949937423,TX
688,28.5322454077,-98.3949937423,TX
689,26.6101017711,-98.3949937423,TX
690,33.1839817263,-97.7690063298,TX
691,31.3504663348,-97.7690063298,TX
692,29.4804982137,-97.7690063298,TX
693,27.5753829005,-97.7690063298,TX
694,25.6366042932,-97.7690063298,TX
695,32.2718553014,-97.1430189173,TX
696,30.4199614312,-97.1430189173,TX
697,28.5322454077,-97.1430189173,TX
698,26.6101017711,-97.1430189173,TX
699,33.1839817263,-96.5170315049,TX
700,31.3504663348,-96.5170315049,TX
701,29.4804982137,-96.5170315049,TX
702,27.5753829005,-96.5170315049,TX
703,25.6366042932,-96.5170315049,TX
704,32.2718553014,-95.8910440924,TX
705,30.4199614312,-95.8910440924,TX
706,28.5322454077,-95.8910440924,TX
707,33.1839817263,-95.2650566799,TX
708,31.3504663348,-95.2650566799,TX
709,29.4804982137,-95.2650566799,TX
710,32.2718553014,-94.6390692674,TX
711,30.4199614312,-94.6390692674,TX
712,33.1839817263,-94.013081855,TX
713,31.3504663348,-94.013081855,TX
714,29.4804982137,-94.013081855,TX
715,32.2718553014,-93.3870944425,TX
716,30.4199614312,-93.3870944425,TX
717,34.0867099135,-99.6469685673,TX
718,35.8634825198,-99.6469685673,TX
719,34.9799149436,-99.0209811548,TX
720,34.0867099135,-98.3949937423,TX
721,34.0867099135,-97.1430189173,TX
722,34.0867099135,-95.8910440924,TX
723,34.0867099135,-94.6390692674,TX
724,37.6013001758,-109.6627671669,CO
725,39.2994539127,-109.6627671669,CO
726,40.9573918408,-109.6627671669,CO
727,40.9573918408,-108.4107923419,CO
728,40.9573918408,-107.158817517,CO
729,40.9573918408,-105.906842692,CO
730,40.9573918408,-104.6548678671,CO
731,40.9573918408,-103.4028930421,CO
732,36.7373087942,-109.0367797544,CO
733,38.4553731216,-109.0367797544,CO
734,40.1334784172,-109.0367797544,CO
735,37.6013001758,-108.4107923419,CO
736,39.2994539127,-108.4107923419,CO
737,36.7373087942,-107.7848049295,CO
738,38.4553731216,-107.7848049295,CO
739,40.1334784172,-107.7848049295,CO
740,37.6013001758,-107.158817517,CO
741,39.2994539127,-107.158817517,CO
742,36.7373087942,-106.5328301045,CO
743,38.4553731216,-106.5328301045,CO
744,40.1334784172,-106.5328301045,CO
745,37.6013001758,-105.906842692,CO
746,39.2994539127,-105.906842692,CO
747,36.7373087942,-105.2808552796,CO
748,38.4553731216,-105.2808552796,CO
749,40.1334784172,-105.2808552796,CO
750,37.6013001758,-104.6548678671,CO
751,39.2994539127,-104.6548678671,CO
752,36.7373087942,-104.0288804546,CO
753,38.4553731216,-104.0288804546,CO
754,40.1334784172,-104.0288804546,CO
755,37.6013001758,-103.4028930421,CO
756,39.2994539127,-103.4028930421,CO
757,36.7373087942,-102.7769056296,CO
758,38.4553731216,-102.7769056296,CO
759,40.1334784172,-102.7769056296,CO
760,37.6013001758,-102.1509182172,CO
761,39.2994539127,-102.1509182172,CO
762,36.7373087942,-101.5249308047,CO
763,38.4553731216,-101.5249308047,CO
764,40.1334784172,-101.5249308047,CO
765,40.9573918408,-102.1509182172,CO
766,33.1839817263,-81.4933336054,SC
767,32.2718553014,-80.8673461929,SC
768,33.1839817263,-80.2413587804,SC
769,32.2718553014,-79.615371368,SC
770,33.1839817263,-78.9893839555,SC
771,34.9799149436,-83.9972832553,SC
772,34.0867099135,-83.3712958428,SC
773,34.9799149436,-82.7453084304,SC
774,34.0867099135,-82.1193210179,SC
775,34.9799149436,-81.4933336054,SC
776,34.0867099135,-80.8673461929,SC
777,34.9799149436,-80.2413587804,SC
778,34.0867099135,-79.615371368,SC
779,34.9799149436,-78.9893839555,SC
780,34.0867099135,-78.363396543,SC
781,34.9799149436,-100.2729559797,OK
782,36.7373087942,-102.7769056296,OK
783,36.7373087942,-101.5249308047,OK
784,36.7373087942,-100.2729559797,OK
785,36.7373087942,-99.0209811548,OK
786,36.7373087942,-97.7690063298,OK
787,36.7373087942,-96.5170315049,OK
788,33.1839817263,-96.5170315049,OK
789,33.1839817263,-94.013081855,OK
790,36.7373087942,-95.2650566799,OK
791,36.7373087942,-94.013081855,OK
792,34.0867099135,-99.6469685673,OK
793,35.8634825198,-99.6469685673,OK
794,34.9799149436,-99.0209811548,OK
795,34.0867099135,-98.3949937423,OK
796,35.8634825198,-98.3949937423,OK
797,34.9799149436,-97.7690063298,OK
798,34.0867099135,-97.1430189173,OK
799,35.8634825198,-97.1430189173,OK
800,34.9799149436,-96.5170315049,OK
801,34.0867099135,-95.8910440924,OK
802,35.8634825198,-95.8910440924,OK
803,34.9799149436,-95.2650566799,OK
804,34.0867099135,-94.6390692674,OK
805,35.8634825198,-94.6390692674,OK
806,34.9799149436,-94.013081855,OK
807,36.7373087942,-89.0051825551,TN
808,36.7373087942,-87.7532077302,TN
809,36.7373087942,-86.5012329052,TN
810,34.9799149436,-90.2571573801,TN
811,35.8634825198,-89.6311699676,TN
812,34.9799149436,-89.0051825551,TN
813,35.8634825198,-88.3791951427,TN
814,34.9799149436,-87.7532077302,TN
815,35.8634825198,-87.1272203177,TN
816,34.9799149436,-86.5012329052,TN
817,35.8634825198,-85.8752454927,TN
818,34.9799149436,-85.2492580803,TN
819,35.8634825198,-84.6232706678,TN
820,34.9799149436,-83.9972832553,TN
821,35.8634825198,-83.3712958428,TN
822,35.8634825198,-82.1193210179,TN
823,36.7373087942,-85.2492580803,TN
824,36.7373087942,-83.9972832553,TN
825,36.7373087942,-82.7453084304,TN
826,36.7373087942,-81.4933336054,TN
827,41.7711484667,-111.5407294043,WY
828,43.3680522268,-111.5407294043,WY
829,44.9239951255,-111.5407294043,WY
830,44.1511508606,-110.9147419918,WY
831,43.3680522268,-110.2887545794,WY
832,44.9239951255,-110.2887545794,WY
833,44.1511508606,-109.6627671669,WY
834,43.3680522268,-109.0367797544,WY
835,44.9239951255,-109.0367797544,WY
836,44.1511508606,-108.4107923419,WY
837,40.9573918408,-110.9147419918,WY
838,42.5747113871,-110.9147419918,WY
839,41.7711484667,-110.2887545794,WY
840,42.5747113871,-109.6627671669,WY
841,40.9573918408,-109.6627671669,WY
842,41.7711484667,-109.0367797544,WY
843,42.5747113871,-108.4107923419,WY
844,40.9573918408,-108.4107923419,WY
845,41.7711484667,-107.7848049295,WY
846,42.5747113871,-107.158817517,WY
847,40.9573918408,-107.158817517,WY
848,41.7711484667,-106.5328301045,WY
849,42.5747113871,-105.906842692,WY
850,40.9573918408,-105.906842692,WY
851,41.7711484667,-105.2808552796,WY
852,42.5747113871,-104.6548678671,WY
853,40.9573918408,-104.6548678671,WY
854,41.7711484667,-104.0288804546,WY
855,42.5747113871,-103.4028930421,WY
856,40.9573918408,-103.4028930421,WY
857,43.3680522268,-107.7848049295,WY
858,44.9239951255,-107.7848049295,WY
859,44.1511508606,-107.158817517,WY
860,43.3680522268,-106.5328301045,WY
861,44.9239951255,-106.5328301045,WY
862,44.1511508606,-105.906842692,WY
863,43.3680522268,-105.2808552796,WY
864,44.9239951255,-105.2808552796,WY
865,44.1511508606,-104.6548678671,WY
866,44.9239951255,-104.0288804546,WY
867,43.3680522268,-104.0288804546,WY
868,44.1511508606,-103.4028930421,WY
869,21.6648857189,-160.3677475776,HI
870,22.6690036121,-159.7417601651,HI
871,21.6648857189,-159.1157727526,HI
872,21.6648857189,-157.8637979277,HI
873,20.6537286643,-157.2378105152,HI
874,21.6648857189,-156.6118231027,HI
875,19.6358001713,-156.6118231027,HI
876,20.6537286643,-155.9858356902,HI
877,18.6113782736,-155.9858356902,HI
878,19.6358001713,-155.3598482778,HI
879,19.6358001713,-154.1078734528,HI
880,45.6865805297,-104.6548678671,ND
881,45.6865805297,-103.4028930421,ND
882,45.6865805297,-102.1509182172,ND
883,48.6344957093,-104.6548678671,ND
884,47.1809933804,-104.6548678671,ND
885,49.3459673056,-104.0288804546,ND
886,47.9128475487,-104.0288804546,ND
887,46.4389099588,-104.0288804546,ND
888,48.6344957093,-103.4028930421,ND
889,47.1809933804,-103.4028930421,ND
890,49.3459673056,-102.7769056296,ND
891,47.9128475487,-102.7769056296,ND
892,46.4389099588,-102.7769056296,ND
893,48.6344957093,-102.1509182172,ND
894,47.1809933804,-102.1509182172,ND
895,49.3459673056,-101.5249308047,ND
896,47.9128475487,-101.5249308047,ND
897,46.4389099588,-101.5249308047,ND
898,48.6344957093,-100.8989433922,ND
899,47.1809933804,-100.8989433922,ND
900,49.3459673056,-100.2729559797,ND
901,47.9128475487,-100.2729559797,ND
902,46.4389099588,-100.2729559797,ND
903,48.6344957093,-99.6469685673,ND
904,47.1809933804,-99.6469685673,ND
905,49.3459673056,-99.0209811548,ND
906,47.9128475487,-99.0209811548,ND
907,46.4389099588,-99.0209811548,ND
908,48.6344957093,-98.3949937423,ND
909,47.1809933804,-98.3949937423,ND
910,49.3459673056,-97.7690063298,ND
911,47.9128475487,-97.7690063298,ND
912,46.4389099588,-97.7690063298,ND
913,48.6344957093,-97.1430189173,ND
914,47.1809933804,-97.1430189173,ND
915,47.9128475487,-96.5170315049,ND
916,46.4389099588,-96.5170315049,ND
917,45.6865805297,-100.8989433922,ND
918,45.6865805297,-99.6469685673,ND
919,45.6865805297,-98.3949937423,ND
920,45.6865805297,-97.1430189173,ND
921,36.7373087942,-90.2571573801,KY
922,36.7373087942,-89.0051825551,KY
923,37.6013001758,-88.3791951427,KY
924,36.7373087942,-87.7532077302,KY
925,38.4553731216,-87.7532077302,KY
926,37.6013001758,-87.1272203177,KY
927,36.7373087942,-86.5012329052,KY
928,38.4553731216,-86.5012329052,KY
929,37.6013001758,-85.8752454927,KY
930,36.7373087942,-85.2492580803,KY
931,38.4553731216,-85.2492580803,KY
932,37.6013001758,-84.6232706678,KY
933,39.2994539127,-84.6232706678,KY
934,36.7373087942,-83.9972832553,KY
935,38.4553731216,-83.9972832553,KY
936,37.6013001758,-83.3712958428,KY
937,36.7373087942,-82.7453084304,KY
938,38.4553731216,-82.7453084304,KY
939,37.6013001758,-82.1193210179,KY
940,17.5807510519,-65.217660881,VI
941,18.6113782736,-64.5916734685,VI
942,17.5807510519,-63.965686056,VI
943,20.6537286643,144.488122299,MP
944,14.4546624458,144.488122299,MP
945,19.6358001713,145.1141097115,MP
946,17.5807510519,145.1141097115,MP
947,15.5020813692,145.1141097115,MP
948,13.4022845042,145.1141097115,MP
949,18.6113782736,145.7400971239,MP
950,16.5442163354,145.7400971239,MP
951,14.4546624458,145.7400971239,MP
952,17.5807510519,146.3660845364,MP
953,15.5020813692,146.3660845364,MP
954,13.4022845042,145.1141097115,GU
955,42.5747113871,-70.8515475933,ME
956,44.9239951255,-71.4775350058,ME
957,43.3680522268,-71.4775350058,ME
958,45.6865805297,-70.8515475933,ME
959,44.1511508606,-70.8515475933,ME
960,46.4389099588,-70.2255601808,ME
961,44.9239951255,-70.2255601808,ME
962,43.3680522268,-70.2255601808,ME
963,47.1809933804,-69.5995727683,ME
964,45.6865805297,-69.5995727683,ME
965,44.1511508606,-69.5995727683,ME
966,47.9128475487,-68.9735853559,ME
967,46.4389099588,-68.9735853559,ME
968,44.9239951255,-68.9735853559,ME
969,43.3680522268,-68.9735853559,ME
970,47.1809933804,-68.3475979434,ME
971,45.6865805297,-68.3475979434,ME
972,44.1511508606,-68.3475979434,ME
973,46.4389099588,-67.7216105309,ME
974,44.9239951255,-67.7216105309,ME
975,47.1809933804,-67.0956231184,ME
976,45.6865805297,-67.0956231184,ME
977,44.1511508606,-67.0956231184,ME
978,44.9239951255,-66.4696357059,ME
979,40.1334784172,-73.9814846557,NY
980,41.7711484667,-80.2413587804,NY
981,42.5747113871,-79.615371368,NY
982,41.7711484667,-78.9893839555,NY
983,42.5747113871,-78.363396543,NY
984,41.7711484667,-77.7374091305,NY
985,42.5747113871,-77.1114217181,NY
986,41.7711484667,-76.4854343056,NY
987,42.5747113871,-75.8594468931,NY
988,41.7711484667,-75.2334594806,NY
989,42.5747113871,-74.6074720682,NY
990,40.9573918408,-74.6074720682,NY
991,41.7711484667,-73.9814846557,NY
992,42.5747113871,-73.3554972432,NY
993,40.9573918408,-73.3554972432,NY
994,40.9573918408,-72.1035224182,NY
995,43.3680522268,-78.9893839555,NY
996,43.3680522268,-77.7374091305,NY
997,43.3680522268,-76.4854343056,NY
998,44.1511508606,-75.8594468931,NY
999,44.9239951255,-75.2334594806,NY
1000,43.3680522268,-75.2334594806,NY
1001,44.1511508606,-74.6074720682,NY
1002,44.9239951255,-73.9814846557,NY
1003,43.3680522268,-73.9814846557,NY
1004,44.1511508606,-73.3554972432,NY
1005,44.9239951255,-72.7295098307,NY
1006,43.3680522268,-72.7295098307,NY
1007,41.7711484667,-120.304553179,NV
1008,40.9573918408,-119.6785657665,NV
1009,41.7711484667,-119.0525783541,NV
1010,40.1334784172,-120.304553179,NV
1011,39.2994539127,-119.6785657665,NV
1012,38.4553731216,-119.0525783541,NV
1013,40.1334784172,-119.0525783541,NV
1014,35.8634825198,-115.9226412917,NV
1015,34.9799149436,-115.2966538792,NV
1016,35.8634825198,-114.6706664667,NV
1017,37.6013001758,-118.4265909416,NV
1018,39.2994539127,-118.4265909416,NV
1019,36.7373087942,-117.8006035291,NV
1020,38.4553731216,-117.8006035291,NV
1021,40.1334784172,-117.8006035291,NV
1022,37.6013001758,-117.1746161166,NV
1023,39.2994539127,-117.1746161166,NV
1024,36.7373087942,-116.5486287041,NV
1025,38.4553731216,-116.5486287041,NV
1026,40.1334784172,-116.5486287041,NV
1027,37.6013001758,-115.9226412917,NV
1028,39.2994539127,-115.9226412917,NV
1029,36.7373087942,-115.2966538792,NV
1030,38.4553731216,-115.2966538792,NV
1031,40.1334784172,-115.2966538792,NV
1032,37.6013001758,-114.6706664667,NV
1033,39.2994539127,-114.6706664667,NV
1034,40.9573918408,-118.4265909416,NV
1035,41.7711484667,-117.8006035291,NV
1036,40.9573918408,-117.1746161166,NV
1037,41.7711484667,-116.5486287041,NV
1038,40.9573918408,-115.9226412917,NV
1039,41.7711484667,-115.2966538792,NV
1040,40.9573918408,-114.6706664667,NV
1041,41.7711484667,-114.0446790542,NV
1042,40.9573918408,-113.4186916418,NV
1043,36.7373087942,-114.0446790542,NV
1044,38.4553731216,-114.0446790542,NV
1045,40.1334784172,-114.0446790542,NV
1046,37.6013001758,-113.4186916418,NV
1047,39.2994539127,-113.4186916418,NV
1048,34.9799149436,-114.0446790542,NV
1049,51.4197040099,-176.0174328895,AK
1050,51.4197040099,-177.2694077145,AK
1051,51.4197040099,-178.5213825394,AK
1052,52.0908776059,-171.6355210022,AK
1053,52.0908776059,-172.8874958271,AK
1054,52.0908776059,-174.1394706521,AK
1055,52.0908776059,-175.391445477,AK
1056,52.0908776059,-176.643420302,AK
1057,52.0908776059,-177.8953951269,AK
1058,52.0908776059,-179.1473699519,AK
1059,52.7521047408,-168.5055839398,AK
1060,52.7521047408,-169.7575587647,AK
1061,52.7521047408,-171.0095335897,AK
1062,52.7521047408,-172.2615084146,AK
1063,53.4034460528,-166.6276217024,AK
1064,53.4034460528,-167.8795965273,AK
1065,53.4034460528,-169.1315713523,AK
1066,54.044966423,-167.2536091148,AK
1067,54.044966423,-164.7496594649,AK
1068,54.044966423,-166.0016342899,AK
1069,54.044966423,-162.245709815,AK
1070,60.4755699288,-172.8874958271,AK
1071,59.9368291268,-172.2615084146,AK
1072,60.4755699288,-171.6355210022,AK
1073,57.1077900017,-170.3835461772,AK
1074,56.5142703302,-169.7575587647,AK
1075,60.4755699288,-167.8795965273,AK
1076,59.9368291268,-167.2536091148,AK
1077,60.4755699288,-166.6276217024,AK
1078,59.9368291268,-166.0016342899,AK
1079,60.4755699288,-165.3756468774,AK
1080,54.6767347172,-165.3756468774,AK
1081,59.9368291268,-164.7496594649,AK
1082,55.2988235339,-164.7496594649,AK
1083,60.4755699288,-164.1236720524,AK
1084,54.6767347172,-164.1236720524,AK
1085,59.9368291268,-163.49768464,AK
1086,55.2988235339,-163.49768464,AK
1087,60.4755699288,-162.8716972275,AK
1088,54.6767347172,-162.8716972275,AK
1089,59.9368291268,-162.245709815,AK
1090,58.8325630227,-162.245709815,AK
1091,55.2988235339,-162.245709815,AK
1092,54.6767347172,-161.6197224025,AK
1093,55.9113089595,-161.6197224025,AK
1094,58.2668474314,-161.6197224025,AK
1095,59.3891921714,-161.6197224025,AK
1096,60.4755699288,-161.6197224025,AK
1097,63.5267560059,-171.6355210022,AK
1098,63.5267560059,-170.3835461772,AK
1099,63.0392965456,-169.7575587647,AK
1100,63.5267560059,-169.1315713523,AK
1101,63.0392965456,-168.5055839398,AK
1102,61.526755125,-166.6276217024,AK
1103,61.0055122302,-166.0016342899,AK
1104,62.039398985,-166.0016342899,AK
1105,61.526755125,-165.3756468774,AK
1106,62.5435453035,-165.3756468774,AK
1107,61.0055122302,-164.7496594649,AK
1108,62.039398985,-164.7496594649,AK
1109,63.0392965456,-164.7496594649,AK
1110,61.526755125,-164.1236720524,AK
1111,62.5435453035,-164.1236720524,AK
1112,63.5267560059,-164.1236720524,AK
1113,61.0055122302,-163.49768464,AK
1114,62.039398985,-163.49768464,AK
1115,63.0392965456,-163.49768464,AK
1116,61.526755125,-162.8716972275,AK
1117,62.5435453035,-162.8716972275,AK
1118,63.5267560059,-162.8716972275,AK
1119,61.0055122302,-162.245709815,AK
1120,62.039398985,-162.245709815,AK
1121,63.0392965456,-162.245709815,AK
1122,62.5435453035,-161.6197224025,AK
1123,63.5267560059,-161.6197224025,AK
1124,61.526755125,-161.6197224025,AK
1125,61.0055122302,-160.9937349901,AK
1126,62.039398985,-160.9937349901,AK
1127,63.0392965456,-160.9937349901,AK
1128,64.9404262854,-168.5055839398,AK
1129,65.8433334317,-168.5055839398,AK
1130,65.3957635494,-167.8795965273,AK
1131,64.9404262854,-167.2536091148,AK
1132,65.8433334317,-167.2536091148,AK
1133,64.4772161009,-166.6276217024,AK
1134,65.3957635494,-166.6276217024,AK
1135,64.9404262854,-166.0016342899,AK
1136,65.8433334317,-166.0016342899,AK
1137,64.4772161009,-165.3756468774,AK
1138,65.3957635494,-165.3756468774,AK
1139,64.9404262854,-164.7496594649,AK
1140,65.8433334317,-164.7496594649,AK
1141,64.4772161009,-164.1236720524,AK
1142,65.3957635494,-164.1236720524,AK
1143,64.9404262854,-163.49768464,AK
1144,65.8433334317,-163.49768464,AK
1145,64.4772161009,-162.8716972275,AK
1146,65.3957635494,-162.8716972275,AK
1147,64.9404262854,-162.245709815,AK
1148,65.8433334317,-162.245709815,AK
1149,65.3957635494,-161.6197224025,AK
1150,64.4772161009,-161.6197224025,AK
1151,68.3715501538,-167.2536091148,AK
1152,68.7677012131,-166.6276217024,AK
1153,68.3715501538,-166.0016342899,AK
1154,68.7677012131,-165.3756468774,AK
1155,68.3715501538,-164.7496594649,AK
1156,69.1569256779,-164.7496594649,AK
1157,68.7677012131,-164.1236720524,AK
1158,68.3715501538,-163.49768464,AK
1159,69.1569256779,-163.49768464,AK
1160,69.9150080736,-163.49768464,AK
1161,68.7677012131,-162.8716972275,AK
1162,69.5393270073,-162.8716972275,AK
1163,70.2840711077,-162.8716972275,AK
1164,68.3715501538,-162.245709815,AK
1165,69.1569256779,-162.245709815,AK
1166,69.9150080736,-162.245709815,AK
1167,68.7677012131,-161.6197224025,AK
1168,69.5393270073,-161.6197224025,AK
1169,70.2840711077,-161.6197224025,AK
1170,66.2832415842,-166.6276217024,AK
1171,66.2832415842,-165.3756468774,AK
1172,67.9683685131,-165.3756468774,AK
1173,66.7155936724,-164.7496594649,AK
1174,67.5580518392,-164.7496594649,AK
1175,66.2832415842,-164.1236720524,AK
1176,67.1404952836,-164.1236720524,AK
1177,67.9683685131,-164.1236720524,AK
1178,66.7155936724,-163.49768464,AK
1179,67.5580518392,-163.49768464,AK
1180,66.2832415842,-162.8716972275,AK
1181,67.1404952836,-162.8716972275,AK
1182,67.9683685131,-162.8716972275,AK
1183,66.7155936724,-162.245709815,AK
1184,67.5580518392,-162.245709815,AK
1185,66.2832415842,-161.6197224025,AK
1186,67.1404952836,-161.6197224025,AK
1187,67.9683685131,-161.6197224025,AK
1188,66.7155936724,-160.9937349901,AK
1189,67.5580518392,-160.9937349901,AK
1190,66.2832415842,-160.3677475776,AK
1191,67.1404952836,-160.3677475776,AK
1192,67.9683685131,-160.3677475776,AK
1193,67.5580518392,-159.7417601651,AK
1194,66.7155936724,-159.7417601651,AK
1195,67.9683685131,-159.1157727526,AK
1196,67.1404952836,-159.1157727526,AK
1197,66.2832415842,-159.1157727526,AK
1198,67.5580518392,-158.4897853401,AK
1199,66.7155936724,-158.4897853401,AK
1200,67.9683685131,-157.8637979277,AK
1201,67.1404952836,-157.8637979277,AK
1202,66.2832415842,-157.8637979277,AK
1203,67.5580518392,-157.2378105152,AK
1204,66.7155936724,-157.2378105152,AK
1205,67.9683685131,-156.6118231027,AK
1206,67.1404952836,-156.6118231027,AK
1207,66.2832415842,-156.6118231027,AK
1208,67.5580518392,-155.9858356902,AK
1209,66.7155936724,-155.9858356902,AK
1210,67.9683685131,-155.3598482778,AK
1211,67.1404952836,-155.3598482778,AK
1212,66.2832415842,-155.3598482778,AK
1213,65.8433334317,-160.9937349901,AK
1214,64.9404262854,-160.9937349901,AK
1215,64.0060276732,-160.9937349901,AK
1216,65.3957635494,-160.3677475776,AK
1217,64.4772161009,-160.3677475776,AK
1218,65.8433334317,-159.7417601651,AK
1219,64.9404262854,-159.7417601651,AK
1220,64.0060276732,-159.7417601651,AK
1221,65.3957635494,-159.1157727526,AK
1222,64.4772161009,-159.1157727526,AK
1223,65.8433334317,-158.4897853401,AK
1224,64.9404262854,-158.4897853401,AK
1225,64.0060276732,-158.4897853401,AK
1226,65.3957635494,-157.8637979277,AK
1227,64.4772161009,-157.8637979277,AK
1228,65.8433334317,-157.2378105152,AK
1229,64.9404262854,-157.2378105152,AK
1230,64.0060276732,-157.2378105152,AK
1231,65.3957635494,-156.6118231027,AK
1232,64.4772161009,-156.6118231027,AK
1233,65.8433334317,-155.9858356902,AK
1234,64.9404262854,-155.9858356902,AK
1235,64.0060276732,-155.9858356902,AK
1236,65.3957635494,-155.3598482778,AK
1237,64.4772161009,-155.3598482778,AK
1238,68.3715501538,-160.9937349901,AK
1239,69.1569256779,-160.9937349901,AK
1240,69.9150080736,-160.9937349901,AK
1241,68.7677012131,-160.3677475776,AK
1242,69.5393270073,-160.3677475776,AK
1243,68.3715501538,-159.7417601651,AK
1244,69.1569256779,-159.7417601651,AK
1245,69.9150080736,-159.7417601651,AK
1246,68.7677012131,-159.1157727526,AK
1247,69.5393270073,-159.1157727526,AK
1248,68.3715501538,-158.4897853401,AK
1249,69.1569256779,-158.4897853401,AK
1250,69.9150080736,-158.4897853401,AK
1251,68.7677012131,-157.8637979277,AK
1252,69.5393270073,-157.8637979277,AK
1253,68.3715501538,-157.2378105152,AK
1254,69.1569256779,-157.2378105152,AK
1255,69.9150080736,-157.2378105152,AK
1256,68.7677012131,-156.6118231027,AK
1257,69.5393270073,-156.6118231027,AK
1258,68.3715501538,-155.9858356902,AK
1259,69.1569256779,-155.9858356902,AK
1260,69.9150080736,-155.9858356902,AK
1261,68.7677012131,-155.3598482778,AK
1262,69.5393270073,-155.3598482778,AK
1263,54.6767347172,-159.1157727526,AK
1264,54.6767347172,-160.3677475776,AK
1265,55.2988235339,-159.7417601651,AK
1266,55.2988235339,-160.9937349901,AK
1267,55.9113089595,-155.3598482778,AK
1268,55.9113089595,-156.6118231027,AK
1269,55.9113089595,-157.8637979277,AK
1270,55.9113089595,-159.1157727526,AK
1271,55.9113089595,-160.3677475776,AK
1272,56.5142703302,-153.4818860403,AK
1273,56.5142703302,-154.7338608653,AK
1274,56.5142703302,-157.2378105152,AK
1275,56.5142703302,-158.4897853401,AK
1276,56.5142703302,-159.7417601651,AK
1277,57.1077900017,-152.8558986278,AK
1278,57.1077900017,-154.1078734528,AK
1279,57.1077900017,-155.3598482778,AK
1280,57.1077900017,-156.6118231027,AK
1281,57.1077900017,-157.8637979277,AK
1282,57.1077900017,-159.1157727526,AK
1283,57.6919531251,-152.2299112154,AK
1284,57.6919531251,-153.4818860403,AK
1285,57.6919531251,-154.7338608653,AK
1286,57.6919531251,-155.9858356902,AK
1287,57.6919531251,-157.2378105152,AK
1288,57.6919531251,-158.4897853401,AK
1289,58.2668474314,-152.8558986278,AK
1290,58.2668474314,-154.1078734528,AK
1291,58.2668474314,-155.3598482778,AK
1292,58.2668474314,-156.6118231027,AK
1293,58.2668474314,-157.8637979277,AK
1294,58.2668474314,-159.1157727526,AK
1295,58.2668474314,-160.3677475776,AK
1296,58.2668474314,-151.6039238029,AK
1297,58.8325630227,-153.4818860403,AK
1298,58.8325630227,-154.7338608653,AK
1299,58.8325630227,-155.9858356902,AK
1300,58.8325630227,-157.2378105152,AK
1301,58.8325630227,-158.4897853401,AK
1302,58.8325630227,-159.7417601651,AK
1303,58.8325630227,-160.9937349901,AK
1304,59.3891921714,-156.6118231027,AK
1305,59.3891921714,-157.8637979277,AK
1306,59.3891921714,-159.1157727526,AK
1307,59.3891921714,-160.3677475776,AK
1308,59.9368291268,-157.2378105152,AK
1309,59.9368291268,-158.4897853401,AK
1310,59.9368291268,-159.7417601651,AK
1311,59.9368291268,-160.9937349901,AK
1312,60.4755699288,-156.6118231027,AK
1313,60.4755699288,-157.8637979277,AK
1314,60.4755699288,-159.1157727526,AK
1315,60.4755699288,-160.3677475776,AK
1316,58.8325630227,-152.2299112154,AK
1317,58.8325630227,-150.9779363904,AK
1318,59.9368291268,-154.7338608653,AK
1319,60.4755699288,-155.3598482778,AK
1320,59.3891921714,-155.3598482778,AK
1321,59.9368291268,-155.9858356902,AK
1322,59.9368291268,-150.9779363904,AK
1323,59.9368291268,-152.2299112154,AK
1324,60.4755699288,-151.6039238029,AK
1325,59.3891921714,-151.6039238029,AK
1326,60.4755699288,-154.1078734528,AK
1327,60.4755699288,-152.8558986278,AK
1328,59.9368291268,-153.4818860403,AK
1329,59.3891921714,-154.1078734528,AK
1330,59.3891921714,-152.8558986278,AK
1331,61.526755125,-160.3677475776,AK
1332,62.5435453035,-160.3677475776,AK
1333,63.5267560059,-160.3677475776,AK
1334,61.0055122302,-159.7417601651,AK
1335,62.039398985,-159.7417601651,AK
1336,63.0392965456,-159.7417601651,AK
1337,61.526755125,-159.1157727526,AK
1338,62.5435453035,-159.1157727526,AK
1339,63.5267560059,-159.1157727526,AK
1340,61.0055122302,-158.4897853401,AK
1341,62.039398985,-158.4897853401,AK
1342,63.0392965456,-158.4897853401,AK
1343,61.526755125,-157.8637979277,AK
1344,62.5435453035,-157.8637979277,AK
1345,63.5267560059,-157.8637979277,AK
1346,61.0055122302,-157.2378105152,AK
1347,62.039398985,-157.2378105152,AK
1348,63.0392965456,-157.2378105152,AK
1349,63.5267560059,-156.6118231027,AK
1350,62.5435453035,-156.6118231027,AK
1351,61.526755125,-156.6118231027,AK
1352,63.0392965456,-155.9858356902,AK
1353,62.039398985,-155.9858356902,AK
1354,61.0055122302,-155.9858356902,AK
1355,63.5267560059,-155.3598482778,AK
1356,62.5435453035,-155.3598482778,AK
1357,61.526755125,-155.3598482778,AK
1358,70.2840711077,-160.3677475776,AK
1359,70.2840711077,-159.1157727526,AK
1360,70.2840711077,-157.8637979277,AK
1361,70.2840711077,-156.6118231027,AK
1362,70.2840711077,-155.3598482778,AK
1363,70.2840711077,-154.1078734528,AK
1364,70.2840711077,-152.8558986278,AK
1365,70.646617648,-158.4897853401,AK
1366,70.646617648,-157.2378105152,AK
1367,70.646617648,-159.7417601651,AK
1368,70.646617648,-155.9858356902,AK
1369,70.646617648,-154.7338608653,AK
1370,70.646617648,-153.4818860403,AK
1371,71.0027484934,-159.1157727526,AK
1372,71.0027484934,-157.8637979277,AK
1373,71.0027484934,-156.6118231027,AK
1374,71.0027484934,-155.3598482778,AK
1375,71.0027484934,-154.1078734528,AK
1376,71.0027484934,-152.8558986278,AK
1377,70.646617648,-152.2299112154,AK
1378,70.2840711077,-151.6039238029,AK
1379,70.646617648,-150.9779363904,AK
1380,70.2840711077,-150.3519489779,AK
1381,70.646617648,-149.7259615655,AK
1382,70.2840711077,-149.099974153,AK
1383,70.646617648,-148.4739867405,AK
1384,70.2840711077,-147.847999328,AK
1385,70.2840711077,-146.5960245031,AK
1386,70.2840711077,-145.3440496781,AK
1387,70.2840711077,-144.0920748532,AK
1388,70.2840711077,-142.8401000282,AK
1389,65.8433334317,-154.7338608653,AK
1390,64.9404262854,-154.7338608653,AK
1391,64.0060276732,-154.7338608653,AK
1392,65.3957635494,-154.1078734528,AK
1393,64.4772161009,-154.1078734528,AK
1394,65.8433334317,-153.4818860403,AK
1395,64.9404262854,-153.4818860403,AK
1396,64.0060276732,-153.4818860403,AK
1397,65.3957635494,-152.8558986278,AK
1398,64.4772161009,-152.8558986278,AK
1399,65.8433334317,-152.2299112154,AK
1400,64.9404262854,-152.2299112154,AK
1401,64.0060276732,-152.2299112154,AK
1402,65.3957635494,-151.6039238029,AK
1403,64.4772161009,-151.6039238029,AK
1404,65.8433334317,-150.9779363904,AK
1405,64.9404262854,-150.9779363904,AK
1406,64.0060276732,-150.9779363904,AK
1407,65.3957635494,-150.3519489779,AK
1408,64.4772161009,-150.3519489779,AK
1409,67.5580518392,-154.7338608653,AK
1410,66.7155936724,-154.7338608653,AK
1411,67.9683685131,-154.1078734528,AK
1412,67.1404952836,-154.1078734528,AK
1413,66.2832415842,-154.1078734528,AK
1414,67.5580518392,-153.4818860403,AK
1415,66.7155936724,-153.4818860403,AK
1416,67.9683685131,-152.8558986278,AK
1417,67.1404952836,-152.8558986278,AK
1418,66.2832415842,-152.8558986278,AK
1419,67.5580518392,-152.2299112154,AK
1420,66.7155936724,-152.2299112154,AK
1421,67.9683685131,-151.6039238029,AK
1422,67.1404952836,-151.6039238029,AK
1423,66.2832415842,-151.6039238029,AK
1424,67.5580518392,-150.9779363904,AK
1425,66.7155936724,-150.9779363904,AK
1426,67.9683685131,-150.3519489779,AK
1427,67.1404952836,-150.3519489779,AK
1428,66.2832415842,-150.3519489779,AK
1429,68.3715501538,-154.7338608653,AK
1430,69.1569256779,-154.7338608653,AK
1431,69.9150080736,-154.7338608653,AK
1432,68.7677012131,-154.1078734528,AK
1433,69.5393270073,-154.1078734528,AK
1434,68.3715501538,-153.4818860403,AK
1435,69.1569256779,-153.4818860403,AK
1436,69.9150080736,-153.4818860403,AK
1437,68.7677012131,-152.8558986278,AK
1438,69.5393270073,-152.8558986278,AK
1439,69.1569256779,-152.2299112154,AK
1440,68.3715501538,-152.2299112154,AK
1441,69.9150080736,-152.2299112154,AK
1442,68.7677012131,-151.6039238029,AK
1443,69.5393270073,-151.6039238029,AK
1444,69.1569256779,-150.9779363904,AK
1445,68.3715501538,-150.9779363904,AK
1446,69.9150080736,-150.9779363904,AK
1447,68.7677012131,-150.3519489779,AK
1448,69.5393270073,-150.3519489779,AK
1449,62.039398985,-154.7338608653,AK
1450,61.0055122302,-154.7338608653,AK
1451,61.526755125,-154.1078734528,AK
1452,62.039398985,-153.4818860403,AK
1453,61.0055122302,-153.4818860403,AK
1454,61.526755125,-152.8558986278,AK
1455,62.039398985,-152.2299112154,AK
1456,61.0055122302,-152.2299112154,AK
1457,61.526755125,-151.6039238029,AK
1458,62.039398985,-150.9779363904,AK
1459,61.0055122302,-150.9779363904,AK
1460,61.526755125,-150.3519489779,AK
1461,60.4755699288,-150.3519489779,AK
1462,59.3891921714,-150.3519489779,AK
1463,62.039398985,-149.7259615655,AK
1464,61.0055122302,-149.7259615655,AK
1465,59.9368291268,-149.7259615655,AK
1466,61.526755125,-149.099974153,AK
1467,60.4755699288,-149.099974153,AK
1468,62.5435453035,-147.847999328,AK
1469,62.5435453035,-149.099974153,AK
1470,62.5435453035,-151.6039238029,AK
1471,62.5435453035,-152.8558986278,AK
1472,62.5435453035,-154.1078734528,AK
1473,62.5435453035,-150.3519489779,AK
1474,63.0392965456,-150.9779363904,AK
1475,63.0392965456,-152.2299112154,AK
1476,63.0392965456,-153.4818860403,AK
1477,63.0392965456,-154.7338608653,AK
1478,63.0392965456,-149.7259615655,AK
1479,63.0392965456,-147.2220119155,AK
1480,63.0392965456,-148.4739867405,AK
1481,63.5267560059,-147.847999328,AK
1482,63.5267560059,-149.099974153,AK
1483,63.5267560059,-151.6039238029,AK
1484,63.5267560059,-152.8558986278,AK
1485,63.5267560059,-154.1078734528,AK
1486,63.5267560059,-146.5960245031,AK
1487,63.5267560059,-150.3519489779,AK
1488,62.5435453035,-146.5960245031,AK
1489,63.0392965456,-145.9700370906,AK
1490,63.5267560059,-145.3440496781,AK
1491,62.5435453035,-145.3440496781,AK
1492,63.0392965456,-144.7180622656,AK
1493,63.5267560059,-144.0920748532,AK
1494,62.5435453035,-144.0920748532,AK
1495,63.0392965456,-143.4660874407,AK
1496,63.5267560059,-142.8401000282,AK
1497,62.5435453035,-142.8401000282,AK
1498,63.0392965456,-142.2141126157,AK
1499,63.5267560059,-141.5881252033,AK
1500,62.5435453035,-141.5881252033,AK
1501,63.0392965456,-140.9621377908,AK
1502,63.5267560059,-140.3361503783,AK
1503,62.5435453035,-140.3361503783,AK
1504,65.8433334317,-149.7259615655,AK
1505,64.9404262854,-149.7259615655,AK
1506,64.0060276732,-149.7259615655,AK
1507,65.3957635494,-149.099974153,AK
1508,64.4772161009,-149.099974153,AK
1509,65.8433334317,-148.4739867405,AK
1510,64.9404262854,-148.4739867405,AK
1511,64.0060276732,-148.4739867405,AK
1512,65.3957635494,-147.847999328,AK
1513,64.4772161009,-147.847999328,AK
1514,65.8433334317,-147.2220119155,AK
1515,64.9404262854,-147.2220119155,AK
1516,64.0060276732,-147.2220119155,AK
1517,65.3957635494,-146.5960245031,AK
1518,64.4772161009,-146.5960245031,AK
1519,65.8433334317,-145.9700370906,AK
1520,64.9404262854,-145.9700370906,AK
1521,64.0060276732,-145.9700370906,AK
1522,65.3957635494,-145.3440496781,AK
1523,64.4772161009,-145.3440496781,AK
1524,65.8433334317,-144.7180622656,AK
1525,64.9404262854,-144.7180622656,AK
1526,64.0060276732,-144.7180622656,AK
1527,65.3957635494,-144.0920748532,AK
1528,64.4772161009,-144.0920748532,AK
1529,65.8433334317,-143.4660874407,AK
1530,64.9404262854,-143.4660874407,AK
1531,64.0060276732,-143.4660874407,AK
1532,65.3957635494,-142.8401000282,AK
1533,64.4772161009,-142.8401000282,AK
1534,65.8433334317,-142.2141126157,AK
1535,64.9404262854,-142.2141126157,AK
1536,64.0060276732,-142.2141126157,AK
1537,65.3957635494,-141.5881252033,AK
1538,64.4772161009,-141.5881252033,AK
1539,65.8433334317,-140.9621377908,AK
1540,64.9404262854,-140.9621377908,AK
1541,64.0060276732,-140.9621377908,AK
1542,65.3957635494,-140.3361503783,AK
1543,64.4772161009,-140.3361503783,AK
1544,67.5580518392,-149.7259615655,AK
1545,66.7155936724,-149.7259615655,AK
1546,67.9683685131,-149.099974153,AK
1547,67.1404952836,-149.099974153,AK
1548,66.2832415842,-149.099974153,AK
1549,67.5580518392,-148.4739867405,AK
1550,66.7155936724,-148.4739867405,AK
1551,67.9683685131,-147.847999328,AK
1552,67.1404952836,-147.847999328,AK
1553,66.2832415842,-147.847999328,AK
1554,67.5580518392,-147.2220119155,AK
1555,66.7155936724,-147.2220119155,AK
1556,67.9683685131,-146.5960245031,AK
1557,67.1404952836,-146.5960245031,AK
1558,66.2832415842,-146.5960245031,AK
1559,67.5580518392,-145.9700370906,AK
1560,66.7155936724,-145.9700370906,AK
1561,67.9683685131,-145.3440496781,AK
1562,67.1404952836,-145.3440496781,AK
1563,66.2832415842,-145.3440496781,AK
1564,67.5580518392,-144.7180622656,AK
1565,66.7155936724,-144.7180622656,AK
1566,67.9683685131,-144.0920748532,AK
1567,67.1404952836,-144.0920748532,AK
1568,66.2832415842,-144.0920748532,AK
1569,67.5580518392,-143.4660874407,AK
1570,66.7155936724,-143.4660874407,AK
1571,67.9683685131,-142.8401000282,AK
1572,67.1404952836,-142.8401000282,AK
1573,66.2832415842,-142.8401000282,AK
1574,67.5580518392,-142.2141126157,AK
1575,66.7155936724,-142.2141126157,AK
1576,67.9683685131,-141.5881252033,AK
1577,67.1404952836,-141.5881252033,AK
1578,66.2832415842,-141.5881252033,AK
1579,67.5580518392,-140.9621377908,AK
1580,66.7155936724,-140.9621377908,AK
1581,67.9683685131,-140.3361503783,AK
1582,67.1404952836,-140.3361503783,AK
1583,66.2832415842,-140.3361503783,AK
1584,69.1569256779,-149.7259615655,AK
1585,68.3715501538,-149.7259615655,AK
1586,69.9150080736,-149.7259615655,AK
1587,68.7677012131,-149.099974153,AK
1588,69.5393270073,-149.099974153,AK
1589,69.1569256779,-148.4739867405,AK
1590,68.3715501538,-148.4739867405,AK
1591,69.9150080736,-148.4739867405,AK
1592,68.7677012131,-147.847999328,AK
1593,69.5393270073,-147.847999328,AK
1594,69.1569256779,-147.2220119155,AK
1595,68.3715501538,-147.2220119155,AK
1596,69.9150080736,-147.2220119155,AK
1597,68.7677012131,-146.5960245031,AK
1598,69.5393270073,-146.5960245031,AK
1599,69.1569256779,-145.9700370906,AK
1600,68.3715501538,-145.9700370906,AK
1601,69.9150080736,-145.9700370906,AK
1602,68.7677012131,-145.3440496781,AK
1603,69.5393270073,-145.3440496781,AK
1604,69.1569256779,-144.7180622656,AK
1605,68.3715501538,-144.7180622656,AK
1606,69.9150080736,-144.7180622656,AK
1607,68.7677012131,-144.0920748532,AK
1608,69.5393270073,-144.0920748532,AK
1609,69.1569256779,-143.4660874407,AK
1610,68.3715501538,-143.4660874407,AK
1611,69.9150080736,-143.4660874407,AK
1612,68.7677012131,-142.8401000282,AK
1613,69.5393270073,-142.8401000282,AK
1614,69.1569256779,-142.2141126157,AK
1615,69.9150080736,-142.2141126157,AK
1616,68.3715501538,-142.2141126157,AK
1617,69.5393270073,-141.5881252033,AK
1618,68.7677012131,-141.5881252033,AK
1619,69.9150080736,-140.9621377908,AK
1620,69.1569256779,-140.9621377908,AK
1621,68.3715501538,-140.9621377908,AK
1622,69.5393270073,-140.3361503783,AK
1623,68.7677012131,-140.3361503783,AK
1624,62.039398985,-148.4739867405,AK
1625,61.0055122302,-148.4739867405,AK
1626,59.9368291268,-148.4739867405,AK
1627,61.526755125,-147.847999328,AK
1628,60.4755699288,-147.847999328,AK
1629,62.039398985,-147.2220119155,AK
1630,61.0055122302,-147.2220119155,AK
1631,59.9368291268,-147.2220119155,AK
1632,60.4755699288,-146.5960245031,AK
1633,61.526755125,-146.5960245031,AK
1634,61.0055122302,-145.9700370906,AK
1635,62.039398985,-145.9700370906,AK
1636,60.4755699288,-145.3440496781,AK
1637,61.526755125,-145.3440496781,AK
1638,59.9368291268,-144.7180622656,AK
1639,61.0055122302,-144.7180622656,AK
1640,62.039398985,-144.7180622656,AK
1641,60.4755699288,-144.0920748532,AK
1642,61.526755125,-144.0920748532,AK
1643,59.9368291268,-143.4660874407,AK
1644,61.0055122302,-143.4660874407,AK
1645,62.039398985,-143.4660874407,AK
1646,60.4755699288,-142.8401000282,AK
1647,61.526755125,-142.8401000282,AK
1648,59.9368291268,-142.2141126157,AK
1649,61.0055122302,-142.2141126157,AK
1650,62.039398985,-142.2141126157,AK
1651,61.526755125,-141.5881252033,AK
1652,60.4755699288,-141.5881252033,AK
1653,62.039398985,-140.9621377908,AK
1654,61.0055122302,-140.9621377908,AK
1655,59.9368291268,-140.9621377908,AK
1656,61.526755125,-140.3361503783,AK
1657,60.4755699288,-140.3361503783,AK
1658,59.3891921714,-140.3361503783,AK
1659,59.9368291268,-139.7101629658,AK
1660,58.2668474314,-135.3282510785,AK
1661,58.2668474314,-134.0762762535,AK
1662,58.2668474314,-136.5802259034,AK
1663,58.2668474314,-132.8243014286,AK
1664,58.2668474314,-137.8322007284,AK
1665,58.8325630227,-138.4581881409,AK
1666,58.8325630227,-133.450288841,AK
1667,58.8325630227,-137.2062133159,AK
1668,58.8325630227,-134.702263666,AK
1669,58.8325630227,-135.954238491,AK
1670,59.3891921714,-135.3282510785,AK
1671,59.3891921714,-134.0762762535,AK
1672,59.3891921714,-136.5802259034,AK
1673,59.3891921714,-137.8322007284,AK
1674,59.3891921714,-139.0841755533,AK
1675,59.9368291268,-138.4581881409,AK
1676,59.9368291268,-134.702263666,AK
1677,59.9368291268,-135.954238491,AK
1678,60.4755699288,-139.0841755533,AK
1679,54.6767347172,-130.3203517787,AK
1680,54.6767347172,-134.0762762535,AK
1681,54.6767347172,-131.5723266036,AK
1682,54.6767347172,-132.8243014286,AK
1683,55.2988235339,-132.1983140161,AK
1684,55.2988235339,-130.9463391911,AK
1685,55.2988235339,-133.450288841,AK
1686,55.2988235339,-129.6943643662,AK
1687,55.9113089595,-130.3203517787,AK
1688,55.9113089595,-134.0762762535,AK
1689,55.9113089595,-131.5723266036,AK
1690,55.9113089595,-132.8243014286,AK
1691,56.5142703302,-132.1983140161,AK
1692,56.5142703302,-130.9463391911,AK
1693,56.5142703302,-133.450288841,AK
1694,56.5142703302,-134.702263666,AK
1695,56.5142703302,-135.954238491,AK
1696,57.1077900017,-135.3282510785,AK
1697,57.1077900017,-134.0762762535,AK
1698,57.1077900017,-131.5723266036,AK
1699,57.1077900017,-132.8243014286,AK
1700,57.6919531251,-132.1983140161,AK
1701,57.6919531251,-133.450288841,AK
1702,57.6919531251,-134.702263666,AK
1703,57.6919531251,-135.954238491,AK
1704,52.7521047408,172.031568448,AK
1705,53.4034460528,172.6575558605,AK
1706,52.7521047408,173.283543273,AK
1707,52.0908776059,173.9095306854,AK
1708,52.7521047408,174.5355180979,AK
1709,52.7521047408,175.7874929229,AK
1710,52.0908776059,176.4134803353,AK
1711,51.4197040099,177.0394677478,AK
1712,52.0908776059,177.6654551603,AK
1713,51.4197040099,178.2914425728,AK
1714,52.0908776059,178.9174299853,AK
1715,51.4197040099,179.5434173977,AK
1716,-14.5074143709,-167.8795965273,AS
1717,-14.5074143709,-169.1315713523,AS
1718,-14.5074143709,-170.3835461772,AS
1719,-11.3374165694,-171.0095335897,AS
1720,47.9128475487,-90.2571573801,MI
1721,46.4389099588,-90.2571573801,MI
1722,47.1809933804,-89.6311699676,MI
1723,47.9128475487,-89.0051825551,MI
1724,46.4389099588,-89.0051825551,MI
1725,48.6344957093,-88.3791951427,MI
1726,47.1809933804,-88.3791951427,MI
1727,47.9128475487,-87.7532077302,MI
1728,46.4389099588,-87.7532077302,MI
1729,47.1809933804,-87.1272203177,MI
1730,46.4389099588,-86.5012329052,MI
1731,47.1809933804,-85.8752454927,MI
1732,46.4389099588,-85.2492580803,MI
1733,47.1809933804,-84.6232706678,MI
1734,46.4389099588,-83.9972832553,MI
1735,41.7711484667,-87.7532077302,MI
1736,45.6865805297,-88.3791951427,MI
1737,44.9239951255,-87.7532077302,MI
1738,43.3680522268,-87.7532077302,MI
1739,45.6865805297,-87.1272203177,MI
1740,44.1511508606,-87.1272203177,MI
1741,44.9239951255,-86.5012329052,MI
1742,43.3680522268,-86.5012329052,MI
1743,45.6865805297,-85.8752454927,MI
1744,44.1511508606,-85.8752454927,MI
1745,44.9239951255,-85.2492580803,MI
1746,43.3680522268,-85.2492580803,MI
1747,45.6865805297,-84.6232706678,MI
1748,44.1511508606,-84.6232706678,MI
1749,44.9239951255,-83.9972832553,MI
1750,43.3680522268,-83.9972832553,MI
1751,45.6865805297,-83.3712958428,MI
1752,44.1511508606,-83.3712958428,MI
1753,44.9239951255,-82.7453084304,MI
1754,43.3680522268,-82.7453084304,MI
1755,44.1511508606,-82.1193210179,MI
1756,42.5747113871,-87.1272203177,MI
1757,41.7711484667,-86.5012329052,MI
1758,42.5747113871,-85.8752454927,MI
1759,41.7711484667,-85.2492580803,MI
1760,42.5747113871,-84.6232706678,MI
1761,41.7711484667,-83.9972832553,MI
1762,42.5747113871,-83.3712958428,MI
1763,41.7711484667,-82.7453084304,MI
1764,42.5747113871,-82.1193210179,MI
1765,33.1839817263,-94.013081855,AR
1766,33.1839817263,-92.76110703,AR
1767,33.1839817263,-91.509132205,AR
1768,36.7373087942,-95.2650566799,AR
1769,36.7373087942,-94.013081855,AR
1770,36.7373087942,-92.76110703,AR
1771,36.7373087942,-91.509132205,AR
1772,34.0867099135,-94.6390692674,AR
1773,35.8634825198,-94.6390692674,AR
1774,34.9799149436,-94.013081855,AR
1775,34.0867099135,-93.3870944425,AR
1776,35.8634825198,-93.3870944425,AR
1777,34.9799149436,-92.76110703,AR
1778,36.7373087942,-90.2571573801,AR
1779,34.0867099135,-92.1351196175,AR
1780,35.8634825198,-92.1351196175,AR
1781,34.9799149436,-91.509132205,AR
1782,34.0867099135,-90.8831447926,AR
1783,35.8634825198,-90.8831447926,AR
1784,34.9799149436,-90.2571573801,AR
1785,35.8634825198,-89.6311699676,AR
1786,33.1839817263,-91.509132205,MS
1787,31.3504663348,-91.509132205,MS
1788,32.2718553014,-90.8831447926,MS
1789,30.4199614312,-90.8831447926,MS
1790,33.1839817263,-90.2571573801,MS
1791,31.3504663348,-90.2571573801,MS
1792,32.2718553014,-89.6311699676,MS
1793,30.4199614312,-89.6311699676,MS
1794,33.1839817263,-89.0051825551,MS
1795,31.3504663348,-89.0051825551,MS
1796,32.2718553014,-88.3791951427,MS
1797,30.4199614312,-88.3791951427,MS
1798,33.1839817263,-87.7532077302,MS
1799,31.3504663348,-87.7532077302,MS
1800,34.0867099135,-90.8831447926,MS
1801,34.9799149436,-90.2571573801,MS
1802,34.0867099135,-89.6311699676,MS
1803,34.9799149436,-89.0051825551,MS
1804,34.0867099135,-88.3791951427,MS
1805,34.9799149436,-87.7532077302,MS
1806,40.9573918408,-95.8910440924,MO
1807,36.7373087942,-95.2650566799,MO
1808,38.4553731216,-95.2650566799,MO
1809,40.1334784172,-95.2650566799,MO
1810,37.6013001758,-94.6390692674,MO
1811,39.2994539127,-94.6390692674,MO
1812,36.7373087942,-94.013081855,MO
1813,38.4553731216,-94.013081855,MO
1814,40.1334784172,-94.013081855,MO
1815,37.6013001758,-93.3870944425,MO
1816,39.2994539127,-93.3870944425,MO
1817,36.7373087942,-92.76110703,MO
1818,38.4553731216,-92.76110703,MO
1819,40.1334784172,-92.76110703,MO
1820,37.6013001758,-92.1351196175,MO
1821,39.2994539127,-92.1351196175,MO
1822,36.7373087942,-91.509132205,MO
1823,38.4553731216,-91.509132205,MO
1824,40.1334784172,-91.509132205,MO
1825,37.6013001758,-90.8831447926,MO
1826,39.2994539127,-90.8831447926,MO
1827,36.7373087942,-90.2571573801,MO
1828,38.4553731216,-90.2571573801,MO
1829,37.6013001758,-89.6311699676,MO
1830,36.7373087942,-89.0051825551,MO
1831,40.9573918408,-94.6390692674,MO
1832,40.9573918408,-93.3870944425,MO
1833,40.9573918408,-92.1351196175,MO
1834,35.8634825198,-90.8831447926,MO
1835,35.8634825198,-89.6311699676,MO
1836,47.9128475487,-116.5486287041,MT
1837,47.1809933804,-115.9226412917,MT
1838,48.6344957093,-115.9226412917,MT
1839,45.6865805297,-114.6706664667,MT
1840,46.4389099588,-115.2966538792,MT
1841,47.9128475487,-115.2966538792,MT
1842,49.3459673056,-115.2966538792,MT
1843,47.1809933804,-114.6706664667,MT
1844,48.6344957093,-114.6706664667,MT
1845,46.4389099588,-114.0446790542,MT
1846,47.9128475487,-114.0446790542,MT
1847,49.3459673056,-114.0446790542,MT
1848,47.1809933804,-113.4186916418,MT
1849,48.6344957093,-113.4186916418,MT
1850,46.4389099588,-112.7927042293,MT
1851,47.9128475487,-112.7927042293,MT
1852,49.3459673056,-112.7927042293,MT
1853,47.1809933804,-112.1667168168,MT
1854,48.6344957093,-112.1667168168,MT
1855,49.3459673056,-111.5407294043,MT
1856,47.9128475487,-111.5407294043,MT
1857,46.4389099588,-111.5407294043,MT
1858,44.9239951255,-114.0446790542,MT
1859,44.1511508606,-113.4186916418,MT
1860,45.6865805297,-113.4186916418,MT
1861,44.9239951255,-112.7927042293,MT
1862,45.6865805297,-112.1667168168,MT
1863,44.1511508606,-112.1667168168,MT
1864,44.9239951255,-111.5407294043,MT
1865,44.1511508606,-110.9147419918,MT
1866,45.6865805297,-110.9147419918,MT
1867,44.9239951255,-110.2887545794,MT
1868,45.6865805297,-109.6627671669,MT
1869,44.9239951255,-109.0367797544,MT
1870,45.6865805297,-108.4107923419,MT
1871,48.6344957093,-110.9147419918,MT
1872,47.1809933804,-110.9147419918,MT
1873,49.3459673056,-110.2887545794,MT
1874,47.9128475487,-110.2887545794,MT
1875,46.4389099588,-110.2887545794,MT
1876,48.6344957093,-109.6627671669,MT
1877,47.1809933804,-109.6627671669,MT
1878,49.3459673056,-109.0367797544,MT
1879,47.9128475487,-109.0367797544,MT
1880,46.4389099588,-109.0367797544,MT
1881,48.6344957093,-108.4107923419,MT
1882,47.1809933804,-108.4107923419,MT
1883,49.3459673056,-107.7848049295,MT
1884,47.9128475487,-107.7848049295,MT
1885,46.4389099588,-107.7848049295,MT
1886,48.6344957093,-107.158817517,MT
1887,47.1809933804,-107.158817517,MT
1888,49.3459673056,-106.5328301045,MT
1889,47.9128475487,-106.5328301045,MT
1890,46.4389099588,-106.5328301045,MT
1891,44.9239951255,-107.7848049295,MT
1892,45.6865805297,-107.158817517,MT
1893,44.9239951255,-106.5328301045,MT
1894,45.6865805297,-105.906842692,MT
1895,44.9239951255,-105.2808552796,MT
1896,45.6865805297,-104.6548678671,MT
1897,44.9239951255,-104.0288804546,MT
1898,45.6865805297,-103.4028930421,MT
1899,48.6344957093,-105.906842692,MT
1900,47.1809933804,-105.906842692,MT
1901,49.3459673056,-105.2808552796,MT
1902,47.9128475487,-105.2808552796,MT
1903,46.4389099588,-105.2808552796,MT
1904,48.6344957093,-104.6548678671,MT
1905,47.1809933804,-104.6548678671,MT
1906,49.3459673056,-104.0288804546,MT
1907,47.9128475487,-104.0288804546,MT
1908,46.4389099588,-104.0288804546,MT
1909,48.6344957093,-103.4028930421,MT
1910,47.1809933804,-103.4028930421,MT
1911,37.6013001758,-102.1509182172,KS
1912,39.2994539127,-102.1509182172,KS
1913,36.7373087942,-101.5249308047,KS
1914,38.4553731216,-101.5249308047,KS
1915,40.1334784172,-101.5249308047,KS
1916,37.6013001758,-100.8989433922,KS
1917,39.2994539127,-100.8989433922,KS
1918,36.7373087942,-100.2729559797,KS
1919,38.4553731216,-100.2729559797,KS
1920,40.1334784172,-100.2729559797,KS
1921,37.6013001758,-99.6469685673,KS
1922,39.2994539127,-99.6469685673,KS
1923,36.7373087942,-99.0209811548,KS
1924,38.4553731216,-99.0209811548,KS
1925,40.1334784172,-99.0209811548,KS
1926,37.6013001758,-98.3949937423,KS
1927,39.2994539127,-98.3949937423,KS
1928,36.7373087942,-97.7690063298,KS
1929,38.4553731216,-97.7690063298,KS
1930,40.1334784172,-97.7690063298,KS
1931,37.6013001758,-97.1430189173,KS
1932,39.2994539127,-97.1430189173,KS
1933,36.7373087942,-96.5170315049,KS
1934,38.4553731216,-96.5170315049,KS
1935,40.1334784172,-96.5170315049,KS
1936,37.6013001758,-95.8910440924,KS
1937,39.2994539127,-95.8910440924,KS
1938,36.7373087942,-95.2650566799,KS
1939,38.4553731216,-95.2650566799,KS
1940,40.1334784172,-95.2650566799,KS
1941,37.6013001758,-94.6390692674,KS
1942,39.2994539127,-94.6390692674,KS
1943,36.7373087942,-94.013081855,KS
1944,38.4553731216,-94.013081855,KS
1945,37.6013001758,-88.3791951427,IN
1946,38.4553731216,-87.7532077302,IN
1947,40.1334784172,-87.7532077302,IN
1948,37.6013001758,-87.1272203177,IN
1949,39.2994539127,-87.1272203177,IN
1950,38.4553731216,-86.5012329052,IN
1951,40.1334784172,-86.5012329052,IN
1952,41.7711484667,-87.7532077302,IN
1953,37.6013001758,-85.8752454927,IN
1954,39.2994539127,-85.8752454927,IN
1955,38.4553731216,-85.2492580803,IN
1956,40.1334784172,-85.2492580803,IN
1957,39.2994539127,-84.6232706678,IN
1958,40.9573918408,-87.1272203177,IN
1959,41.7711484667,-86.5012329052,IN
1960,40.9573918408,-85.8752454927,IN
1961,41.7711484667,-85.2492580803,IN
1962,40.9573918408,-84.6232706678,IN
1963,18.6113782736,-68.3475979434,PR
1964,17.5807510519,-67.7216105309,PR
1965,18.6113782736,-67.0956231184,PR
1966,17.5807510519,-66.4696357059,PR
1967,18.6113782736,-65.8436482935,PR
1968,17.5807510519,-65.217660881,PR
1969,18.6113782736,-64.5916734685,PR
1970,42.5747113871,-103.4028930421,SD
1971,44.1511508606,-104.6548678671,SD
1972,45.6865805297,-104.6548678671,SD
1973,44.9239951255,-104.0288804546,SD
1974,43.3680522268,-104.0288804546,SD
1975,45.6865805297,-103.4028930421,SD
1976,44.1511508606,-103.4028930421,SD
1977,44.9239951255,-102.7769056296,SD
1978,43.3680522268,-102.7769056296,SD
1979,45.6865805297,-102.1509182172,SD
1980,44.1511508606,-102.1509182172,SD
1981,46.4389099588,-104.0288804546,SD
1982,46.4389099588,-102.7769056296,SD
1983,42.5747113871,-102.1509182172,SD
1984,42.5747113871,-100.8989433922,SD
1985,42.5747113871,-99.6469685673,SD
1986,42.5747113871,-98.3949937423,SD
1987,42.5747113871,-97.1430189173,SD
1988,42.5747113871,-95.8910440924,SD
1989,46.4389099588,-101.5249308047,SD
1990,46.4389099588,-100.2729559797,SD
1991,46.4389099588,-99.0209811548,SD
1992,44.9239951255,-101.5249308047,SD
1993,43.3680522268,-101.5249308047,SD
1994,45.6865805297,-100.8989433922,SD
1995,44.1511508606,-100.8989433922,SD
1996,44.9239951255,-100.2729559797,SD
1997,43.3680522268,-100.2729559797,SD
1998,45.6865805297,-99.6469685673,SD
1999,44.1511508606,-99.6469685673,SD
2000,44.9239951255,-99.0209811548,SD
2001,43.3680522268,-99.0209811548,SD
2002,45.6865805297,-98.3949937423,SD
2003,44.1511508606,-98.3949937423,SD
2004,44.9239951255,-97.7690063298,SD
2005,43.3680522268,-97.7690063298,SD
2006,45.6865805297,-97.1430189173,SD
2007,44.1511508606,-97.1430189173,SD
2008,44.9239951255,-96.5170315049,SD
2009,43.3680522268,-96.5170315049,SD
2010,45.6865805297,-95.8910440924,SD
2011,44.1511508606,-95.8910440924,SD
2012,41.7711484667,-73.9814846557,MA
2013,42.5747113871,-73.3554972432,MA
2014,41.7711484667,-72.7295098307,MA
2015,42.5747113871,-72.1035224182,MA
2016,41.7711484667,-71.4775350058,MA
2017,42.5747113871,-70.8515475933,MA
2018,40.9573918408,-70.8515475933,MA
2019,41.7711484667,-70.2255601808,MA
2020,40.9573918408,-69.5995727683,MA
2021,36.7373087942,-83.9972832553,VA
2022,36.7373087942,-82.7453084304,VA
2023,37.6013001758,-82.1193210179,VA
2024,36.7373087942,-81.4933336054,VA
2025,37.6013001758,-80.8673461929,VA
2026,36.7373087942,-80.2413587804,VA
2027,38.4553731216,-80.2413587804,VA
2028,37.6013001758,-79.615371368,VA
2029,36.7373087942,-78.9893839555,VA
2030,38.4553731216,-78.9893839555,VA
2031,37.6013001758,-78.363396543,VA
2032,39.2994539127,-78.363396543,VA
2033,38.4553731216,-77.7374091305,VA
2034,36.7373087942,-77.7374091305,VA
2035,39.2994539127,-77.1114217181,VA
2036,37.6013001758,-77.1114217181,VA
2037,38.4553731216,-76.4854343056,VA
2038,36.7373087942,-76.4854343056,VA
2039,37.6013001758,-75.8594468931,VA
2040,38.4553731216,-75.2334594806,VA
2041,36.7373087942,-75.2334594806,VA
2042,39.2994539127,-77.1114217181,DC
2043,38.4553731216,-76.4854343056,DC
2044,42.5747113871,-97.1430189173,IA
2045,41.7711484667,-96.5170315049,IA
2046,42.5747113871,-95.8910440924,IA
2047,40.9573918408,-95.8910440924,IA
2048,43.3680522268,-96.5170315049,IA
2049,40.1334784172,-95.2650566799,IA
2050,40.1334784172,-94.013081855,IA
2051,40.1334784172,-92.76110703,IA
2052,40.1334784172,-91.509132205,IA
2053,43.3680522268,-95.2650566799,IA
2054,43.3680522268,-94.013081855,IA
2055,43.3680522268,-92.76110703,IA
2056,43.3680522268,-91.509132205,IA
2057,41.7711484667,-95.2650566799,IA
2058,42.5747113871,-94.6390692674,IA
2059,40.9573918408,-94.6390692674,IA
2060,41.7711484667,-94.013081855,IA
2061,42.5747113871,-93.3870944425,IA
2062,40.9573918408,-93.3870944425,IA
2063,41.7711484667,-92.76110703,IA
2064,42.5747113871,-92.1351196175,IA
2065,40.9573918408,-92.1351196175,IA
2066,41.7711484667,-91.509132205,IA
2067,42.5747113871,-90.8831447926,IA
2068,40.9573918408,-90.8831447926,IA
2069,41.7711484667,-90.2571573801,IA
2070,33.1839817263,-115.2966538792,AZ
2071,34.9799149436,-115.2966538792,AZ
2072,34.0867099135,-114.6706664667,AZ
2073,32.2718553014,-114.6706664667,AZ
2074,35.8634825198,-114.6706664667,AZ
2075,36.7373087942,-114.0446790542,AZ
2076,36.7373087942,-112.7927042293,AZ
2077,36.7373087942,-111.5407294043,AZ
2078,36.7373087942,-110.2887545794,AZ
2079,33.1839817263,-114.0446790542,AZ
2080,34.9799149436,-114.0446790542,AZ
2081,34.0867099135,-113.4186916418,AZ
2082,32.2718553014,-113.4186916418,AZ
2083,35.8634825198,-113.4186916418,AZ
2084,33.1839817263,-112.7927042293,AZ
2085,31.3504663348,-112.7927042293,AZ
2086,34.9799149436,-112.7927042293,AZ
2087,34.0867099135,-112.1667168168,AZ
2088,32.2718553014,-112.1667168168,AZ
2089,35.8634825198,-112.1667168168,AZ
2090,33.1839817263,-111.5407294043,AZ
2091,31.3504663348,-111.5407294043,AZ
2092,34.9799149436,-111.5407294043,AZ
2093,34.0867099135,-110.9147419918,AZ
2094,32.2718553014,-110.9147419918,AZ
2095,35.8634825198,-110.9147419918,AZ
2096,33.1839817263,-110.2887545794,AZ
2097,31.3504663348,-110.2887545794,AZ
2098,34.9799149436,-110.2887545794,AZ
2099,34.0867099135,-109.6627671669,AZ
2100,32.2718553014,-109.6627671669,AZ
2101,35.8634825198,-109.6627671669,AZ
2102,33.1839817263,-109.0367797544,AZ
2103,31.3504663348,-109.0367797544,AZ
2104,34.9799149436,-109.0367797544,AZ
2105,34.0867099135,-108.4107923419,AZ
2106,32.2718553014,-108.4107923419,AZ
2107,35.8634825198,-108.4107923419,AZ
2108,36.7373087942,-109.0367797544,AZ
